03/01/2006,490,493.8,481.1,492.9,1537660
04/01/2006,488.6,491,483.5,483.8,1871020
05/01/2006,484.4,487.8,484,486.2,1143160
06/01/2006,488.8,489,482,486.2,1370250
09/01/2006,486,487.4,483,483.9,1680740
10/01/2006,483,485.5,480.8,485.4,1365960
11/01/2006,495.8,495.8,485.8,489.8,1684440
12/01/2006,491,491,488.8,490.3,1230060
13/01/2006,491,491.9,487.3,489.2,940930
17/01/2006,485.1,487,482.7,484.3,1237830
18/01/2006,484.3,486.7,481.1,483.8,1218910
19/01/2006,485.6,485.8,477,479.4,1696500
20/01/2006,472.1,474,456.3,456.9,4781930
23/01/2006,460,463.8,457,460,2025500
24/01/2006,462.9,463.6,459.9,460.1,2083740
25/01/2006,461.4,463.7,460.1,462.3,1591940
26/01/2006,465.5,475.5,464.5,470.1,1988600
27/01/2006,470.1,473.7,466,468.7,1412760
30/01/2006,468.7,469.9,466.6,468.2,1057630
31/01/2006,468.3,470.5,465.5,465.8,1887280
01/02/2006,465.9,467.2,461.1,463.3,1844970
02/02/2006,459,461,451,451.8,2325470
03/02/2006,450.7,456.1,448.1,450.6,1666510
06/02/2006,452.6,456.1,450.9,451.7,1147430
07/02/2006,452,453.8,450,450.5,1207780
08/02/2006,453.3,455.3,450.7,453.6,1051370
09/02/2006,455,461,454.3,457.9,1357740
10/02/2006,457,460.7,452.5,459.6,1272030
13/02/2006,460.6,462.3,454.1,456.8,1158300
14/02/2006,457.8,462.5,457.1,461.2,1518040
15/02/2006,460.4,464.7,457.6,462.5,1700050
16/02/2006,463,464.4,460.4,464.4,1326000
17/02/2006,465,465.7,461.3,462.4,1313860
21/02/2006,462,463.7,459.7,461.7,1395690
22/02/2006,463.8,469.8,462.4,468.8,1515550
23/02/2006,468.8,471.2,466,468,1257550
24/02/2006,467.3,470.9,467.3,468.5,1254600
27/02/2006,470,471.3,467.1,467.8,1011490
28/02/2006,465.8,469.4,463.1,463.7,1656790
01/03/2006,463.9,466.5,462.1,465.3,1006990
02/03/2006,462.7,464,458.8,460.5,1280670
03/03/2006,460,463.4,458,459.2,1398630
06/03/2006,459.2,464.8,458.3,460.9,1224200
07/03/2006,458.5,464.4,458,464,1560380
08/03/2006,463.5,468.1,463.1,466.8,1138820
09/03/2006,466.8,469.8,464.6,464.9,1335380
10/03/2006,466,471.9,465.8,469.9,1356280
13/03/2006,469.9,471.9,466.3,468.4,1044280
14/03/2006,469.4,472.7,468.9,471.8,1314250
15/03/2006,471.3,472,468.8,470.1,1153980
16/03/2006,471.7,476.5,471.3,473.2,1753260
17/03/2006,475.2,475.2,472.5,474.1,2092900
20/03/2006,474.5,477.1,473,474,1051060
21/03/2006,473,474.8,471.1,472.2,1606880
22/03/2006,469,478,469,476.7,1377320
23/03/2006,475.8,479.8,474.7,477.7,1378500
24/03/2006,477.5,480,475.5,478.1,869610
27/03/2006,476.3,478.2,474.9,476.4,1227550
28/03/2006,475.2,480.1,474.4,476,1753880
29/03/2006,476.1,479.1,474,476.3,1534410
30/03/2006,475.2,476.8,472.7,472.8,1443260
31/03/2006,473.5,475.6,472.1,472.3,1293990
03/04/2006,474.1,478.6,473,474.1,1145520
04/04/2006,474.3,483.8,474.1,482.1,1612390
05/04/2006,483,484.7,481.3,482.6,1276340
06/04/2006,480.6,481.7,476.6,478.5,1183450
07/04/2006,480.4,483.4,474.6,476.6,1255580
10/04/2006,479,482.5,477,479.3,1273510
11/04/2006,477,480.92,473.68,474.7,1020660
12/04/2006,475,478.3,474.8,476,787030
13/04/2006,474.1,481.8,474.1,480.5,1197840
17/04/2006,484.1,485.6,482,483.5,1678120
18/04/2006,484.4,486,479,484.8,1803670
19/04/2006,484.8,487.1,480.5,482.3,1445480
20/04/2006,483,487.2,482.6,483,1866460
21/04/2006,484.9,484.9,477.9,480.1,1579130
24/04/2006,479.8,481.1,478,480,1347680
25/04/2006,480,480.2,474.2,474.6,1849050
26/04/2006,474.6,478.3,474.6,477.5,1219200
27/04/2006,472,484.4,471.5,481.5,2464800
28/04/2006,484,499.5,484,499.5,4037280
01/05/2006,500,500.6,492.5,494.6,2076690
02/05/2006,496.5,498.7,492.6,496,1493670
03/05/2006,497.8,499.4,494.2,498.5,1180060
04/05/2006,498.5,498.8,492.6,493.8,1721280
05/05/2006,497.8,503.7,496.9,503.7,1894890
08/05/2006,504.1,507.2,500.6,501.6,1384770
09/05/2006,502.5,505.6,500,503.5,1261840
10/05/2006,501,505.7,500,503,1591700
11/05/2006,505.3,505.3,491.9,494.8,1480300
12/05/2006,494.5,498,489.5,489.9,1861800
15/05/2006,489.8,497.2,489.5,495.1,1387540
16/05/2006,496.4,497,490.6,495.4,939000
17/05/2006,492.1,492.5,485.2,488.3,2216200
18/05/2006,488.2,492.4,487,487.3,1645100
19/05/2006,489.4,490.8,486.9,488,2179020
22/05/2006,485.5,491.4,485.2,488.4,1809030
23/05/2006,489.8,492.3,485.2,485.3,1597760
24/05/2006,485.3,488.8,484.3,486.6,2090740
25/05/2006,489.6,491.2,487.5,490.7,1279430
26/05/2006,492.9,497.7,491.7,495.7,1347710
30/05/2006,496,496,489,490.2,1208930
31/05/2006,492.5,495.4,487.7,493,1666450
01/06/2006,493.8,499.3,492.7,498.3,1446490
02/06/2006,500.3,502.3,496.7,501.4,1427690
05/06/2006,500.1,504.1,495.5,496.2,1366760
06/06/2006,496.7,499,491.9,497.6,1587240
07/06/2006,498,504.1,497.1,499.5,1665630
08/06/2006,499,502,491.7,499.5,2274910
09/06/2006,499.5,501,497,497.7,1303300
12/06/2006,499,499.5,493.2,493.3,1354460
13/06/2006,492.5,493.9,480.8,482.1,2540010
14/06/2006,482.6,486,474.7,478,2341860
15/06/2006,480,489.4,479.6,486.8,2025850
16/06/2006,487,488.5,481.7,483.6,1889760
19/06/2006,484.5,487.7,476.7,478.2,1287670
20/06/2006,478.2,485.1,477.5,480.1,1355740
21/06/2006,481,487.5,480.5,483.7,1596060
22/06/2006,490,490,480.5,481.7,1046760
23/06/2006,479,481.8,476.5,477.4,1164290
26/06/2006,477.4,483.8,476,483,981130
27/06/2006,483,485.6,477.6,477.6,1242380
28/06/2006,478.1,480.2,475.3,478.5,979570
29/06/2006,481.5,492.9,479,488.6,2034920
30/06/2006,489.5,489.5,482.4,482.5,1991780
03/07/2006,486,490.5,485,489.7,632860
05/07/2006,489.5,492.5,486.7,490.1,1235900
06/07/2006,490.7,495.42,490.7,492.7,942690
07/07/2006,492.7,495.9,490.1,490.8,807950
10/07/2006,493.3,496.4,491,493.4,838870
11/07/2006,493.4,496.8,488.6,496,816880
12/07/2006,495.2,497.3,487.1,488.3,1374150
13/07/2006,488,488,478.3,478.7,1633390
14/07/2006,478.5,480.1,474.1,475.8,1539740
17/07/2006,469.1,469.5,463.3,464,3265410
18/07/2006,464.2,469,462.2,465.5,1655100
19/07/2006,468.5,475.1,468.3,472.5,2621340
20/07/2006,472.5,474.5,470.5,471.1,1597130
21/07/2006,473.8,474.6,466.4,469.3,2451420
24/07/2006,471,476.3,470,474.6,1549850
25/07/2006,477,479,472.2,474.5,1474990
26/07/2006,474.5,478.9,471.4,475.3,1390680
27/07/2006,479.3,479.3,472.8,473.1,1072190
28/07/2006,476,488.3,476,483.3,2118300
31/07/2006,483.3,485.5,481.8,483.1,1780660
01/08/2006,483.1,485.7,481.1,485.1,1388630
02/08/2006,487,488.3,482.8,487.2,1332120
03/08/2006,482.4,486,482,484.7,1286060
04/08/2006,488.4,490.3,480.7,485,1485470
07/08/2006,483.4,485.6,481.1,482.3,918750
08/08/2006,484.8,487,481.6,483.1,1282560
09/08/2006,486.9,488.7,476.9,478.3,1084320
10/08/2006,478.3,480.5,473.5,479.7,1203180
11/08/2006,479.2,479.2,472.2,476.4,782330
14/08/2006,479.5,482.4,474.7,477.2,1100160
15/08/2006,482.1,486.7,482,484.1,1256050
16/08/2006,485.9,487.1,484.3,485.3,1129060
17/08/2006,485,485.9,483.8,485.7,1035470
18/08/2006,486.2,486.3,484.2,486,1180050
21/08/2006,485.5,486.3,483.8,484.9,820040
22/08/2006,486.6,487.2,484.1,484.2,1323140
23/08/2006,484.9,486,482.3,485.8,1040830
24/08/2006,486.8,487.7,485,487.2,1335960
25/08/2006,487.3,488,485,486.4,797180
28/08/2006,485.1,493.5,485.1,491.2,1287460
29/08/2006,492,493.5,487.7,492.6,1499430
30/08/2006,492.6,497,492.4,495.2,1364190
31/08/2006,495.2,497.1,492.6,493.5,1011950
01/09/2006,497,497.1,492.1,493.7,744150
05/09/2006,493.1,496.8,491.2,494.2,775640
06/09/2006,492.1,492.7,489.1,491.3,1041370
07/09/2006,496.5,496.5,484.2,485.5,1420570
08/09/2006,485.1,487.9,484.8,487.2,920000
11/09/2006,486.9,491.6,486.1,489.2,1044710
12/09/2006,490,492,487.6,489.9,1098170
13/09/2006,490,495,488.7,493,1406770
14/09/2006,493.1,494.2,490.5,492.9,1332430
15/09/2006,494.8,495.8,491.8,491.9,1784870
18/09/2006,492.5,497.2,491.1,495.9,1246150
19/09/2006,495.9,497.1,493,497,918460
20/09/2006,498.3,501.5,496.3,499,1631750
21/09/2006,498.9,501.1,495,497.5,1401900
22/09/2006,496.5,496.5,492.7,495,1114190
25/09/2006,497.5,501.7,495.1,500.8,1625860
26/09/2006,500.8,503.4,498.5,502.3,1616360
27/09/2006,500.5,503.5,498.4,499.7,1589060
28/09/2006,499.9,501.7,497.5,499.3,1202660
29/09/2006,500,500.7,495.8,496.7,1690880
02/10/2006,496.8,498.5,492.8,494.9,1167890
03/10/2006,495.9,503.9,495.5,500.9,1508440
04/10/2006,500.5,510.6,500,510.3,2093610
05/10/2006,511.2,511.8,506.6,509.9,1487030
06/10/2006,509.9,510.7,506,510.5,1502330
09/10/2006,510,511.7,508.5,510.8,992900
10/10/2006,512,513.3,508.1,508.2,2359680
11/10/2006,503.5,505.5,501.3,503.8,1980610
12/10/2006,505,505.9,499.5,501.8,1922440
13/10/2006,503.9,504,497.2,503.8,1969870
16/10/2006,503,503.3,498.7,501.5,1305740
17/10/2006,499.6,502.8,496.3,500.5,1303900
18/10/2006,501.9,507.1,497,501.9,1865640
19/10/2006,497.5,499.3,495.1,498.7,1814650
20/10/2006,498.7,499.9,495,499.1,2669420
23/10/2006,498,507.4,497.9,506.2,2093940
24/10/2006,505,506.5,502.4,504.7,1548740
25/10/2006,504,509.3,504,508.7,1416920
26/10/2006,508.7,509.5,505.7,508.3,1927840
27/10/2006,506.5,507.5,503,503.6,1686820
30/10/2006,502.5,504.4,500.5,501.2,1284830
31/10/2006,501.2,504.6,501.1,501.6,1813900
01/11/2006,505.5,507.1,499.2,500.9,2080880
02/11/2006,498,498.8,494.7,497.4,1761520
03/11/2006,497.5,499.9,494.8,495.9,1058210
06/11/2006,496,502.9,494.4,502.2,1529100
07/11/2006,502.5,507.5,501.9,504.8,1362760
08/11/2006,504,507.2,502.7,505.7,1075080
09/11/2006,505.7,506.2,503.1,506.1,1024100
10/11/2006,507.5,509,504,506.3,1165090
13/11/2006,505,509.5,505,506.9,809470
14/11/2006,508.5,508.5,500.4,507.5,1807320
15/11/2006,505.5,507,502,504.7,1514390
16/11/2006,505,507.5,504.2,506.6,1295170
17/11/2006,506.4,508.8,504.8,508,3011120
20/11/2006,507.5,508.9,504.5,507.3,1342730
21/11/2006,508.4,508.5,504.52,506.1,1011060
22/11/2006,507,509.5,505.8,507.7,1168680
24/11/2006,505,506.7,503.1,503.1,1013760
27/11/2006,503,505.4,496.7,498.9,2175150
28/11/2006,496.5,498.5,494.3,495.6,1455850
29/11/2006,497.5,499.7,494.8,498.6,1326290
30/11/2006,497.3,498.9,494.5,495.9,1706150
01/12/2006,495.9,496.3,488.3,493.8,1774160
04/12/2006,496.5,501.8,493.7,500,2078030
05/12/2006,498.9,505.7,497.6,505.1,1577940
06/12/2006,505,508.1,503.8,507.8,1231780
07/12/2006,506.7,507.7,504.2,507.1,1984590
08/12/2006,504.8,527,503.5,518.5,5446320
11/12/2006,518.5,528.8,518.5,528.8,2685210
12/12/2006,521.9,523.7,517.5,522.5,2609990
13/12/2006,526.3,526.5,521.2,523.2,1408410
14/12/2006,524,532,523,531.1,2096180
15/12/2006,533.5,540.8,532,540.7,3214590
18/12/2006,543.8,556.1,542.5,554.4,4549940
19/12/2006,551.3,552.3,545.4,552.3,2640640
20/12/2006,551.2,552.9,547.8,551.6,2034190
21/12/2006,551.7,554.4,546.5,547.6,1626330
22/12/2006,549.5,551,544.6,545.5,964770
26/12/2006,546.8,551.9,545.2,551.2,880650
27/12/2006,551.2,566.7,551.2,564.1,2235160
28/12/2006,566,570,555.5,558.8,1530700
29/12/2006,558.5,560.9,555.5,557,1103860
03/01/2007,556.6,562.8,547.2,552.5,2282110
04/01/2007,552.5,561.5,547.2,550.6,1658680
05/01/2007,550,550.5,544.6,547.7,1317880
08/01/2007,546,551.5,543,550.5,1249520
09/01/2007,550.1,551.5,541.9,545.7,1965810
10/01/2007,542.7,544.9,539.5,541.3,1744910
11/01/2007,542.7,543.9,538,541.7,1451050
12/01/2007,540.2,545.5,540,543.8,1842960
16/01/2007,546.3,548.1,543.4,547.7,1255280
17/01/2007,550,550.8,542.8,543.9,1406520
18/01/2007,545,547.1,540.7,543.9,1761540
19/01/2007,540,545.1,535,545,2395580
22/01/2007,551.7,555.3,546.6,546.8,2808290
23/01/2007,546.5,548,543,544.9,1626570
24/01/2007,545,548.4,542.7,548.3,1586360
25/01/2007,547,548.8,538.4,539.3,1902680
26/01/2007,539.3,546.7,535.2,546.7,2110090
29/01/2007,544.5,546,539.5,540.6,2220680
30/01/2007,539,543.2,538,542.7,1692140
31/01/2007,540.3,552.9,540.2,551.3,1815922
01/02/2007,551.3,551.6,543,547.3,1875525
02/02/2007,547.3,549.4,543.2,546.6,1258560
05/02/2007,545.5,551.9,544.1,547.5,1662830
06/02/2007,547.5,555,547.2,549.5,1553640
07/02/2007,549.4,551.9,548.26,549.5,1199760
08/02/2007,547.2,547.8,541.5,544.4,1399500
09/02/2007,544,544.9,532.9,534,1922970
12/02/2007,534.9,539.1,532,534.3,1530944
13/02/2007,535.3,538.5,535,537.1,1305253
14/02/2007,538.6,544.4,537.4,541.8,1416354
15/02/2007,541.8,545.2,540.4,542.1,1370950
16/02/2007,540.8,541.5,537.8,541,1725610
20/02/2007,541.7,546.5,540.9,541.9,1610570
21/02/2007,541.9,541.5,535.9,537.5,1491600
22/02/2007,537.5,540.9,534.2,535.9,1909300
23/02/2007,535.9,540.3,531.5,537.7,1774060
26/02/2007,535.9,541.9,521.8,526.8,3559858
27/02/2007,526.8,527.7,500.5,506,3206520
28/02/2007,506,510.2,495.6,503.7,4674390
01/03/2007,497.5,514.5,496,510.8,3672555
02/03/2007,509.2,512.1,498.5,499.7,2618000
05/03/2007,496,505.5,491.8,492.5,2497250
06/03/2007,492.5,508.4,495.5,505.8,2687210
07/03/2007,505.8,511,501.7,502.2,2080950
08/03/2007,506.2,512.4,503.1,505,1783110
09/03/2007,509.1,509.5,500,503.3,1570130
12/03/2007,501.3,506.5,501,503.6,1098860
13/03/2007,500.1,500.9,487.5,487.5,2928670
14/03/2007,488,493.2,480.5,490.8,3044125
15/03/2007,491,501.7,490.6,501.3,2929490
16/03/2007,500.1,503.8,491.9,495.3,3081582
19/03/2007,498.1,501,497,500.6,1681462
20/03/2007,500.6,509.4,499.2,506.4,1644508
21/03/2007,504.9,525,504.4,520.3,2927189
22/03/2007,519,522,516.9,518.4,2173338
23/03/2007,518,520.6,514.3,517.2,1514339
26/03/2007,520,520.1,510.6,515.4,2086978
27/03/2007,512.1,516.5,510,510.6,1711310
28/03/2007,511.8,516.5,508.1,509.6,2323630
29/03/2007,513,515.9,510.3,514,1781624
30/03/2007,515,519.4,509.2,513.4,1991308
02/04/2007,513.1,515,504.1,510.5,1881325
03/04/2007,511.7,516.6,511.6,514.1,2145281
04/04/2007,514.1,515.2,511.4,513.6,1533175
05/04/2007,512.1,517.6,510.5,515.7,1033954
09/04/2007,518,518.2,513.6,515.8,1153326
10/04/2007,516,525.1,513.5,524,2153584
11/04/2007,524.1,524.8,513.4,518,2517002
12/04/2007,518,518.1,513.2,516.5,2271033
13/04/2007,518,518,513.5,516,1690144
16/04/2007,522.6,535.9,522.5,529.3,3277312
17/04/2007,530,530.5,523.6,525.3,2253812
18/04/2007,525.3,533,526.5,529.9,2618858
19/04/2007,527.1,534.7,526.5,530.9,2250361
20/04/2007,537.4,537.5,529.1,534.2,2659283
23/04/2007,533.3,536.4,529,531.1,1514828
24/04/2007,532.5,533,523.7,528.1,1896737
25/04/2007,529.9,539.4,527.8,538,2675362
26/04/2007,537.9,538.5,532.7,535.6,2474225
27/04/2007,534.5,535.5,531.5,533.7,1315890
30/04/2007,536.4,547.1,534.8,536.2,3049842
01/05/2007,538,543.2,537.4,542,2099633
02/05/2007,542,544.5,540.7,543,1941409
03/05/2007,537.6,541,535.5,539.5,1626691
04/05/2007,541,545.61,539.5,540.9,1770435
07/05/2007,539.7,544,537.2,538.8,1602971
08/05/2007,537.5,540,534.8,537.2,1539474
09/05/2007,536.3,541.5,534.3,541.2,2077139
10/05/2007,537.7,540.5,531.8,532,2108242
11/05/2007,532.1,537.6,529,531.1,7673289
14/05/2007,531.8,533,525.8,528.6,2398503
15/05/2007,530.3,532.4,527.4,527.9,2614863
16/05/2007,538.3,550.4,535,549.1,6453732
17/05/2007,548.9,551.9,539.5,548,2236916
18/05/2007,550,555.5,547.4,550,2102519
21/05/2007,551.8,552,547.4,548.4,2331728
22/05/2007,548.8,553.3,545.2,550.8,2178146
23/05/2007,551.2,555.3,548.5,550.1,1952183
24/05/2007,552.4,555.2,547.4,549.3,2243121
25/05/2007,549.3,551.6,544.8,551.2,1353860
29/05/2007,554.2,554.2,546.2,549.1,1600091
30/05/2007,547.7,552.4,545.5,552,1420060
31/05/2007,551.1,552,543.1,544.9,1956605
01/06/2007,544.9,547.5,542.8,545.1,1736424
04/06/2007,544.4,544.4,539.5,541.5,1583629
05/06/2007,541,541.4,536.7,539,1443719
06/06/2007,536.1,539,531,533.3,1940681
07/06/2007,532.5,537.5,524.7,525.2,2253734
08/06/2007,525.2,533.7,523,533.3,2284872
11/06/2007,532,537.7,528.1,534.7,1458159
12/06/2007,533,537.4,526,526,2056390
13/06/2007,528.1,537.3,527.5,536.8,2318500
14/06/2007,536.1,542.2,535.7,536.7,1718389
15/06/2007,540.2,543.2,537.2,539.8,2697069
18/06/2007,543.3,544.9,539.5,539.6,1205567
19/06/2007,539.6,543.9,539.5,542.6,1825719
20/06/2007,542.6,544.3,534.1,534.4,1947915
21/06/2007,534.3,536.7,527.1,536.6,1750327
22/06/2007,533.6,536,523,524.1,3364341
25/06/2007,526.6,529,515.4,516.9,2561147
26/06/2007,519.3,522.1,511.2,511.5,2896412
27/06/2007,509.6,519,504.8,518.1,3066546
28/06/2007,520.2,523.7,512.3,518.1,2368276
29/06/2007,521,522.5,507.6,512.9,2657934
02/07/2007,513,517.5,510.1,516.4,1806134
03/07/2007,519.2,522.3,515.8,518.6,1005203
05/07/2007,518.6,520,513.7,515,1353940
06/07/2007,517.7,518,514.1,517,1259678
09/07/2007,515.3,518.6,515,516,1789648
10/07/2007,512.7,513.6,507.7,510,3372869
11/07/2007,509.7,515.2,508,514.1,2518893
12/07/2007,515.5,529.1,514.1,528.4,3078919
13/07/2007,525.5,528.8,522.8,525.2,2035436
16/07/2007,526.7,529.7,520.8,521.9,1909220
17/07/2007,523,529.3,521.3,524.6,2332417
18/07/2007,519.3,524,506.9,516,3645337
19/07/2007,516,521.3,508.3,511.3,2898494
20/07/2007,514.4,521.8,501.5,507.3,4763012
23/07/2007,509.1,513.1,507.4,508.6,2389913
24/07/2007,503.4,504.8,489.6,493.1,4597681
25/07/2007,496.9,500.5,484.8,492.12,4448155
26/07/2007,484.9,486.8,465,478.1,7751767
27/07/2007,477.1,481.9,467.1,469.7,5591731
30/07/2007,469.7,476.5,467,471.9,4024984
31/07/2007,475.7,482.6,465,465.7,4679730
01/08/2007,464,471.4,456.3,468.5,6073771
02/08/2007,467.5,472.8,464.9,472.4,4131286
03/08/2007,471.6,475.9,456.9,457.2,4812612
06/08/2007,459,485,450.2,483.5,6282528
07/08/2007,479.3,494,474.2,485.9,5700146
08/08/2007,487.6,498.8,481.7,494.9,5397216
09/08/2007,478.1,487.1,469,469,6661370
10/08/2007,457.9,475,457.5,470,5158772
13/08/2007,477.4,479.1,464.4,465.4,3450110
14/08/2007,466.5,468.3,455.2,456.6,3882781
15/08/2007,455.8,465,452,456.1,4611521
16/08/2007,450.7,483.3,446.6,475.5,10234951
17/08/2007,499,499,473.9,488.1,8497259
20/08/2007,490,491.8,477,483.9,3861981
21/08/2007,481.5,488.3,478,480.6,3366338
22/08/2007,485,487.7,475,484.3,4091017
23/08/2007,488,490,479.5,483.5,2579860
24/08/2007,483.6,486.2,478.6,485,2356260
27/08/2007,483.3,483.8,477,477.9,2031556
28/08/2007,472.5,472.6,461,461.4,3900151
29/08/2007,464,470,458.5,469.5,2945398
30/08/2007,466.5,467.4,460,462.3,3006840
31/08/2007,470.8,471.7,464.1,468.8,2721265
04/09/2007,469.6,475.65,465,472.1,2629307
05/09/2007,466.8,466.8,458.7,460,3525102
06/09/2007,461.6,463.9,455.3,456.6,2704425
07/09/2007,452.2,460.5,450.7,454.8,4057120
10/09/2007,457,458.3,448.3,453,3174790
11/09/2007,455.4,463.4,454.5,460.1,3169350
12/09/2007,458.9,462,455,457.6,2887550
13/09/2007,459.9,465.7,459.1,463.6,2883558
14/09/2007,459.5,466.9,459.2,466.4,2865225
17/09/2007,465,465.2,456.5,460.3,2346090
18/09/2007,464.8,485.2,460.5,483.7,4933059
19/09/2007,486.7,490,477.3,482.7,4179569
20/09/2007,483.6,484.7,470.2,472,3358434
21/09/2007,475.8,477,469.3,475.1,3811500
24/09/2007,475,475.5,464.1,465.9,3798881
25/09/2007,463.3,465.6,459.6,463.1,3223281
26/09/2007,463.6,470.2,460.1,465.5,3472498
27/09/2007,468.4,468.9,464.2,468.8,2713721
28/09/2007,468.6,471.8,465,466.7,2098312
01/10/2007,458.9,482.3,458.6,477.2,5676675
02/10/2007,478.3,480,472.8,478.6,3302511
03/10/2007,477.5,482.5,476.5,478.9,3409005
04/10/2007,480.4,484.5,474,476.3,3565868
05/10/2007,478.5,487.7,478.1,483,3702985
08/10/2007,482.7,482.8,475.8,478,1854826
09/10/2007,479.5,479.5,468,476.2,4073028
10/10/2007,473,473.8,467.7,471.4,2914515
11/10/2007,473.1,489.5,471.3,483.2,6486000
12/10/2007,478.4,488.3,473.4,478.7,4382990
15/10/2007,470.7,484.5,456.9,462.4,7719528
16/10/2007,459,462.4,446.8,447.9,6429670
17/10/2007,451.3,453,438.5,446.6,11455414
18/10/2007,440.9,444.2,437.5,438.3,5731230
19/10/2007,437,440.5,422.9,423.6,6995607
22/10/2007,421,432.4,420.7,426.1,5893160
23/10/2007,429,429.5,421.3,424.4,4364800
24/10/2007,422.1,428.1,411.5,418.2,7103997
25/10/2007,417.5,422.7,404.4,412.3,6090627
26/10/2007,422.8,427.8,415.1,426.3,5476612
29/10/2007,428.4,431.1,425,426.9,3418867
30/10/2007,425,428.2,418.1,421.1,3893955
31/10/2007,422.5,424.7,414,419,7346306
01/11/2007,386.2,409,381.3,385.1,17147467
02/11/2007,387.3,389,365.2,377.3,13870842
05/11/2007,360,369.9,350,359,23018947
06/11/2007,360.4,363.4,345.2,350.8,15170601
07/11/2007,346,353.6,333.8,334.1,12075246
08/11/2007,338,340,310.5,329,19427106
09/11/2007,321,344.7,316,331,15395395
12/11/2007,335.9,350.6,333,335.7,11060621
13/11/2007,345.7,360,342.1,359,10571106
14/11/2007,374.1,375,359.4,360.4,11644721
15/11/2007,357.5,358,342.1,345.8,8268656
16/11/2007,348,348.8,334.5,340,7969573
19/11/2007,328.5,331.7,319,320,9815044
20/11/2007,319,327.5,308,314,12758122
21/11/2007,309.3,315.5,305,307.3,9206934
23/11/2007,313,317,310.1,317,3848054
26/11/2007,316,317.7,297.5,307,11085747
27/11/2007,308.1,309.5,295,303.2,19315561
28/11/2007,310.2,328.7,310.2,322.9,13887433
29/11/2007,323,324.6,318,322.9,7092070
30/11/2007,340.5,343,330,333,9452688
03/12/2007,333,333.5,327.1,330.6,5565540
04/12/2007,325.6,330.7,320,325.5,6471361
05/12/2007,328.2,337.5,327.2,336.9,6632745
06/12/2007,335.5,344.2,335.5,343.5,5487654
07/12/2007,344.8,346.2,335.5,343.1,5343082
10/12/2007,344.4,352.3,343.5,347.7,5731204
11/12/2007,348.9,352.9,331.3,332.3,8569740
12/12/2007,339.3,341,306,314.7,17796660
13/12/2007,311,313.2,302.7,310.1,9558791
14/12/2007,306.4,320.5,302.7,307,10543364
17/12/2007,301.8,313.2,301.1,307.7,8684023
18/12/2007,312.2,313.8,299.2,303.8,8157846
19/12/2007,305.2,311.1,300.6,302.1,7530323
20/12/2007,304.5,304.5,293.4,298.9,9250503
21/12/2007,303.1,305.2,299.9,302.4,8566645
24/12/2007,303.1,311.4,303,309.8,3172463
26/12/2007,308,309.5,302.6,304.5,4065340
27/12/2007,297.2,300.59,294.8,295.6,6152786
28/12/2007,297.8,298.4,290.3,292.9,5748344
31/12/2007,291.4,296.9,288,294.4,6542714
02/01/2008,297.3,298.9,288.5,289.2,6214640
03/01/2008,292.2,293.9,288.9,289.3,5965787
04/01/2008,286.1,290.3,280.4,282.4,7545427
07/01/2008,283.4,287.6,279.3,282.6,6892214
08/01/2008,284.6,287,270.1,271.4,9998936
09/01/2008,271.5,276,265,274.9,10782762
10/01/2008,269.8,285.7,269.2,281.1,10559533
11/01/2008,278.9,292.7,276,285.6,8894627
14/01/2008,289.5,291.8,283.8,290.6,9431522
15/01/2008,282.6,283.6,267.1,269.4,22087515
16/01/2008,270,272.3,259,262.4,19918218
17/01/2008,265.2,275.7,246,249.6,23230520
18/01/2008,245.3,251.5,239.2,244.5,19718763
22/01/2008,223.6,253.8,223.6,244,21079661
23/01/2008,239.8,269,236.8,263.6,18963482
24/01/2008,268,274.8,265,273.3,13578560
25/01/2008,280,281,260.8,266.4,11031661
28/01/2008,264.3,276.72,261.5,276.5,8367253
29/01/2008,279,283.7,275,279.1,8165421
30/01/2008,276.9,291.3,272.9,278.8,13495694
31/01/2008,270,287,264.5,281.7,13862051
01/02/2008,282.8,297.3,282.7,296.9,12037667
04/02/2008,293.4,295.4,289.1,292.2,8476500
05/02/2008,286.5,287,270.1,270.5,10920247
06/02/2008,273.1,277.1,267.4,269.2,7369574
07/02/2008,267.5,272.4,263.1,267,10721902
08/02/2008,266.1,266.4,257.1,260.3,8186552
11/02/2008,262.3,262.4,253.8,258.1,7130464
12/02/2008,261.5,268,259.2,262.1,8507487
13/02/2008,265.8,267.9,256.5,263.4,10378802
14/02/2008,261.9,263.7,257,257.4,6563004
15/02/2008,254.9,259.6,250,254.8,8737637
19/02/2008,258.3,259.4,251.6,253.2,6995934
20/02/2008,251.1,259,244.8,254.9,7415686
21/02/2008,256.3,258.6,250,250.5,7836588
22/02/2008,250.9,251.7,242.6,251.2,8675355
25/02/2008,246.5,249.9,241.5,247.4,12003191
26/02/2008,244.6,254.7,244,249.5,10764762
27/02/2008,247,260,246.7,257.2,8775784
28/02/2008,254.6,256,249.2,250.1,6222518
29/02/2008,246.6,247.3,234.9,237.1,10000487
03/03/2008,237.2,237.2,228,230.9,10215083
04/03/2008,222.3,225,212.3,221,18768112
05/03/2008,223.2,231.3,218.8,221.5,11233454
06/03/2008,219.5,219.5,210.8,211.7,8697279
07/03/2008,207.5,216.9,204,209.1,10073738
10/03/2008,209.7,211.1,196.9,196.9,11683720
11/03/2008,209,215.6,202.99,214.9,13822282
12/03/2008,216.3,226.8,211.1,212.1,12007278
13/03/2008,206.9,213,200.4,210.7,13794173
14/03/2008,214.7,215.8,195.4,197.8,16764215
17/03/2008,182.5,193.3,179.9,186.2,18158221
18/03/2008,198.4,207.5,192.2,207.1,15244380
19/03/2008,210,216.5,202.1,204.1,13711613
20/03/2008,207.2,226.4,204.1,225,18090675
24/03/2008,229.6,243.6,228.4,232.7,12884655
25/03/2008,230.9,238.5,230.9,234.2,9193735
26/03/2008,226.4,228,218.7,220.5,12323175
27/03/2008,221.3,224.2,215.1,217.9,10665292
28/03/2008,218.6,219.7,207,208.3,8505501
31/03/2008,208,215.9,204.2,214.2,8964139
01/04/2008,226.1,238.8,225.8,238.4,13532258
02/04/2008,240.5,250.5,238,240.2,15337310
03/04/2008,237,247.4,235.6,243.6,7650626
04/04/2008,244.4,245,235.2,240.8,7337526
07/04/2008,248.5,251.9,243.9,246,8928018
08/04/2008,243.1,243.6,235.1,237.6,7908278
09/04/2008,241.1,243,235.4,235.8,8467518
10/04/2008,235.1,240.7,231,237.1,7903735
11/04/2008,232.9,243.2,232.5,233.6,6947552
14/04/2008,231.3,231.5,221.8,225.1,7969723
15/04/2008,227.8,230.1,224.7,228,5512733
16/04/2008,234,236.5,229,234.4,7262322
17/04/2008,230.5,243.6,229.6,240.3,8062246
18/04/2008,257.3,260,250.3,251.1,14507757
21/04/2008,248.2,251,242.3,250.3,6733501
22/04/2008,250.4,253.2,246.3,251.2,6071040
23/04/2008,250.7,253.5,244.8,246.3,6873334
24/04/2008,247,261.7,246.9,257.6,8550532
25/04/2008,262,266.5,258.1,266,9738844
28/04/2008,267,273.5,260.1,268.1,7506480
29/04/2008,268,271.8,262.6,263.2,5772884
30/04/2008,255.1,258.8,252.5,252.7,14899758
01/05/2008,252.3,262,251.5,259.9,8451469
02/05/2008,268.2,270,262.4,263.9,7742083
05/05/2008,264,264.4,257.1,257.5,6301343
06/05/2008,255,261.5,250.5,258.7,7915914
07/05/2008,260.3,260.9,242.6,244.8,8845619
08/05/2008,247.7,248,240,243,7901524
09/05/2008,244.1,246.5,235.4,236.3,8606630
12/05/2008,237.2,240.9,233.6,236.4,6883204
13/05/2008,237,238.8,229.2,230.3,6703862
14/05/2008,232.1,233.5,229.3,232.5,6436037
15/05/2008,232.9,237.4,230,237.3,7078390
16/05/2008,238.1,238.1,230.8,231.2,6731609
19/05/2008,232.2,235.3,228.7,229.9,5899328
20/05/2008,228,228.5,220.1,221.1,8973966
21/05/2008,221.3,222.8,210.1,210.6,11344945
22/05/2008,212.5,218.9,211.3,217.2,9170044
23/05/2008,217.5,217.9,210.75,211.2,6557932
27/05/2008,212.4,217.8,212,216.6,6872732
28/05/2008,220.4,220.9,211.2,216,7037317
29/05/2008,215.3,222.5,215.2,220.4,7268610
30/05/2008,222.7,224.2,218.6,218.9,5354938
02/06/2008,217,218.6,210,214.6,6273220
03/06/2008,216.4,217.6,210.3,214.2,7204279
04/06/2008,213.5,218.4,208.4,210.8,9115834
05/06/2008,212.9,216.6,209,212.2,8783681
06/06/2008,210.4,210.4,200,200.6,11425068
09/06/2008,201.5,203,194,196,11079865
10/06/2008,195,205.4,194.9,202.6,9880055
11/06/2008,203.9,204.6,190.8,192.1,10889259
12/06/2008,194.8,202.3,194.5,198.9,9807653
13/06/2008,202,205,199,204.8,6811983
16/06/2008,204.1,214.9,203.8,208.3,7399807
17/06/2008,212,213.4,203.6,204.6,7084742
18/06/2008,201.3,207.3,198.2,204,8571112
19/06/2008,205,207.1,194.1,201.7,15180170
20/06/2008,197.4,199.1,190,193,15160370
23/06/2008,194,194.9,184.4,185.5,8836281
24/06/2008,185.5,192.6,183.3,188.5,9313575
25/06/2008,191.3,197.4,187.5,188.5,12029859
26/06/2008,180.6,181.7,175.3,176.7,17332096
27/06/2008,178.1,179,169.1,172.5,12647996
30/06/2008,171.9,177.3,165.8,167.6,12466781
01/07/2008,165.7,174,162.5,171.3,13829662
02/07/2008,172.7,175.8,167.9,168.4,8927079
03/07/2008,169.6,171.2,165.7,168.2,5803659
07/07/2008,170.5,173.3,158,164,11539136
08/07/2008,165.2,174.1,161.1,173.9,10541959
09/07/2008,174.6,177.4,163.8,164.4,10103182
10/07/2008,161,168.3,160.5,162.8,10426350
11/07/2008,158.6,168.94,157.5,161.9,13624378
14/07/2008,167.6,169.8,151.5,152.2,11873875
15/07/2008,149.9,158,140.1,145.6,18911881
16/07/2008,151.3,165.4,145.8,164.7,15887208
17/07/2008,171.5,184.7,170.5,179.7,19573736
18/07/2008,198,204.8,189.2,193.5,21382430
21/07/2008,199.4,204,195,196.9,11700686
22/07/2008,190.4,209.9,188,208.9,13879591
23/07/2008,206.3,222.1,205,211.2,15657582
24/07/2008,211.2,213.5,190.6,190.6,11753777
25/07/2008,192.1,197.3,185.4,188.5,10218457
28/07/2008,188.2,190.7,172.3,174.3,12168992
29/07/2008,169.5,186.1,165.2,184.5,14725506
30/07/2008,189,196.2,180.35,188.1,10627935
31/07/2008,184,192.3,179.4,186.9,8497151
01/08/2008,189.5,190.7,181,188.7,8413524
04/08/2008,185.3,193.2,179.9,188.3,8680273
05/08/2008,193.7,200.2,191,199.2,9249301
06/08/2008,196.4,202.3,192.5,197,6739563
07/08/2008,192.9,196.8,183.3,184.7,10085138
08/08/2008,184.1,196.7,183.9,193.9,8210263
11/08/2008,192.4,205,192.1,198.2,7413888
12/08/2008,196.9,197.1,183.5,185.4,8300834
13/08/2008,184.2,184.2,174.3,178.1,9339288
14/08/2008,177.3,184.5,177.1,180.8,6408719
15/08/2008,183.6,187.5,181.9,185.5,6484245
18/08/2008,186.5,186.5,176.1,176.2,7440355
19/08/2008,175.7,176.7,170.2,171.9,7837216
20/08/2008,172,175.2,168.5,174.9,8571758
21/08/2008,171,175.5,168.9,174.7,6095478
22/08/2008,180.2,182.4,176.9,181.4,6242447
25/08/2008,180,183,175.7,176.1,6157225
26/08/2008,177.3,180.4,175.3,178.4,5032226
27/08/2008,180.1,182.4,177.1,181.2,5632720
28/08/2008,184.7,190.9,182.6,190.8,8076005
29/08/2008,188.5,191.5,186.3,189.9,5246252
02/09/2008,196.3,198.2,188.8,191.1,7979944
03/09/2008,191.2,196.6,187.7,196.1,6363625
04/09/2008,193,194.7,182.1,183,8061798
05/09/2008,180.5,191.8,179.3,190.7,8401617
08/09/2008,208.4,209.5,195,203.2,17044169
09/09/2008,200.2,203.8,188.1,188.8,11634874
10/09/2008,191.6,192.4,181.8,186.8,9026055
11/09/2008,178.4,186.8,176.3,186.1,13396686
12/09/2008,181.9,188.85,177.2,179.6,10991610
15/09/2008,163.9,176.8,147,152.4,27020718
16/09/2008,142.6,160.1,141,157.5,25704781
17/09/2008,150,152.3,130.3,140.3,31223418
18/09/2008,146.3,174,128.5,166.5,34223912
19/09/2008,217,225.3,190,206.5,26545751
22/09/2008,199.6,205.6,195,200.1,11772137
23/09/2008,197.9,200,181.2,199.9,8523617
24/09/2008,200,200,188,189.6,8745825
25/09/2008,193,201.7,190.4,194.1,9354672
26/09/2008,183.5,204.2,181.5,201.5,11248600
29/09/2008,195.7,219,177.5,177.5,20118518
30/09/2008,190.9,211.7,189.4,205.1,11324452
01/10/2008,208.5,232.4,200.5,230,15712318
02/10/2008,231.6,235,220,225,10878318
03/10/2008,194.5,209,177,183.5,29584160
06/10/2008,172.3,181.2,161,174.1,15925104
07/10/2008,182,182,150,151.5,12784789
08/10/2008,145.9,162.9,140.5,144,15612740
09/10/2008,153.7,155,129.3,129.3,18944836
10/10/2008,120.4,148,120,141.1,26098322
13/10/2008,157,162.6,145.2,157.5,16413677
14/10/2008,184.8,192.5,173.6,186.2,25364931
15/10/2008,174.9,179.3,160,162.3,15327835
16/10/2008,160.1,168.8,146.5,159,17092751
17/10/2008,154.2,168.3,148.1,148.8,15741282
20/10/2008,151.8,154,146.9,150.9,10724806
21/10/2008,145.4,148,136.4,141.8,17137836
22/10/2008,137,142,130.1,133.2,13714879
23/10/2008,132,136,125,131.1,14476940
24/10/2008,120,128,119.5,121.4,12844550
27/10/2008,121,127.6,116.5,117.3,12212764
28/10/2008,122.9,135.5,115.4,134.7,15088926
29/10/2008,132.5,139.6,127.9,129.1,13056502
30/10/2008,134.7,135,127.6,131.1,10086957
31/10/2008,129.3,138.2,128.8,136.5,9199422
03/11/2008,136.5,142.3,134.6,139.9,7106580
04/11/2008,144.2,148.1,143.1,146.8,8023301
05/11/2008,144.2,146,124.8,126.3,10744842
06/11/2008,124.8,130.7,113.1,115.2,15297767
07/11/2008,119,120.4,114.5,118.2,9974862
10/11/2008,122,122.8,110.5,112.1,9059744
11/11/2008,111.1,112.9,103.4,108,14040009
12/11/2008,106.3,110.6,95.2,96.4,16091592
13/11/2008,97.9,99,82.7,94.5,27727969
14/11/2008,97.6,101.1,87.9,95.2,28157000
17/11/2008,93.6,98.1,87.5,88.9,16765271
18/11/2008,89.6,89.9,78.9,83.6,21277630
19/11/2008,81.9,83.3,62.5,64,34179841
20/11/2008,61.3,63.5,43.9,47.1,72437291
21/11/2008,54.4,55.3,30.5,37.7,102869289
24/11/2008,61.2,65,52.5,59.5,80478969
25/11/2008,63.9,65.8,57.5,60.8,46427700
26/11/2008,61.7,73.9,60.8,70.5,38211205
28/11/2008,74.5,84.8,74.2,82.9,25141052
01/12/2008,79,79.2,63.4,64.5,31529488
02/12/2008,69.2,74.6,59.36,72.2,32710478
03/12/2008,68.7,78.4,66.8,78.2,31429613
04/12/2008,76.1,81,73,74,25978920
05/12/2008,72.5,83.6,71.7,77.1,21529341
08/12/2008,82.3,86.3,80.2,84.7,22930658
09/12/2008,83,90,82,85.4,21714290
10/12/2008,87.3,88.3,80.5,83,16348913
11/12/2008,80.9,81.5,75.4,75.7,16577299
12/12/2008,70.7,78.5,69.7,77,14909486
15/12/2008,77.4,77.8,72.3,74,10157328
16/12/2008,75.9,83.3,74.2,82.3,20517123
17/12/2008,81.1,82,78,78.3,15615867
18/12/2008,80,80.5,73.7,74.3,11163535
19/12/2008,74.4,75.1,69.1,70.2,20265037
22/12/2008,71.5,72.49,65.4,67.5,13544924
23/12/2008,68.9,69.2,65.1,65.2,10693589
24/12/2008,65.5,68,65.3,67.8,4007266
26/12/2008,68.4,70.3,66.68,67.3,4813285
29/12/2008,68.3,68.5,65.1,65.7,6122546
30/12/2008,66.6,68.2,65.3,68,7344716
31/12/2008,67.2,70.4,66.2,67.1,9267596
