Company,Q1,Q2,Q3,Q4
Hayes-Heaney,15896,93275,212910,291450
"Johns, Grant and Haley",94807,56880,4432,388386
"Jacobs, Reilly and Altenwerth",35899,43437,86145,83972
"Klein, Hayes and Kassulke",21126,151264,98727,338237
Wunsch-Macejkovic,49851,52183,20615,293831
Koelpin-Reynolds,15233,139068,223871,301714
"Barton, Reynolds and Murphy",46161,85057,130588,181683
Kuhic-Hartmann,39222,142072,261099,278428
Wiegand Inc,16786,2119,295769,381369
Bartoletti Group,2796,62586,128999,95713
Bayer LLC,98079,199692,232340,333547
"Tremblay, Hahn and Bradtke",81552,25489,229662,268168
Gutmann-Beahan,36030,183418,167950,63241
Muller-Hermann,85468,119331,24686,155379
"Kovacek, Price and Mraz",18512,30574,78909,201774
McGlynn Inc,26344,40630,126318,45816
Sipes-Brown,3887,178543,148220,266367
"Wisoky, Kirlin and Schumm",47388,102630,244208,351335
"Hessel, Kemmer and Ryan",54557,162211,205264,85625
Volkman and Sons,92791,163812,112676,83463
O'Connell Group,88087,135651,34541,63958
"Torphy, Grimes and Lemke",92929,180269,44800,112359
Wisoky and Sons,85401,107431,179697,304362
Kshlerin-Batz,95479,97141,196677,67318
Schinner LLC,50022,42356,161134,296397
Goldner-Parisian,30247,127005,57870,115864
Huels Inc,82702,2805,95028,39928
Jones-Bailey,39678,77281,181179,149216
"Lang, Bradtke and Turner",78273,111950,191478,70352
"McClure, Weber and Hansen",49904,130174,206032,216797
"Gibson, Schaden and Zulauf",72211,162031,136779,210197
"Blick, Mitchell and Reinger",72007,118429,102947,218409
Mante and Sons,10502,55717,244346,317796
Nienow Group,83175,141808,188633,206923
Goldner-Goodwin,50669,130159,5679,137781
"Gutkowski, Ruecker and Conroy",13326,147471,286993,208828
Weimann-Stehr,49666,9034,211272,347859
Sawayn-Jerde,5419,151077,262361,15518
Johnson-Lakin,78507,81852,274795,171156
Rice-Ortiz,68359,139531,295127,107978
Turcotte LLC,16517,107463,161514,290474
Gerlach-Borer,27036,151138,62418,46545
Oberbrunner-Schaden,35421,8791,101902,103365
Kiehn LLC,83881,104618,164824,160456
Feil-Runolfsson,70374,139907,162972,91450
"Bode, Lubowitz and Kuvalis",50093,18184,183534,285281
"Fahey, Olson and Sanford",76225,128726,133164,76047
"Powlowski, Davis and Jacobs",78486,58983,276046,361879
Schimmel Inc,39587,136424,269160,53422
"Parisian, Trantow and Bins",43124,143815,259475,144616
Kertzmann-Roberts,37442,136058,148070,77785
Skiles LLC,84921,61832,276447,168584
"Schaden, King and Lowe",64806,196966,27904,177574
"Runte, Lind and Jakubowski",34270,198710,282198,341698
Zieme LLC,54011,37193,114608,176275
"Rutherford, Johns and Kautzer",42114,138105,267593,83452
"Schamberger, Eichmann and Jast",7653,97133,54839,356964
Barrows-Hane,70055,112953,55564,372475
"Cummerata, Mueller and Oberbrunner",51214,44432,239499,72510
Davis Inc,40997,84279,53497,129337
Bartell and Sons,28163,111178,169429,373391
Graham Group,64820,16438,49540,265184
"Torp, Pollich and Von",10775,27788,15289,67055
Abernathy-Cronin,55649,180309,256007,67189
Ebert Group,24422,118357,201254,189933
Gleason-Kuhn,92822,158956,45786,228536
Quigley-Gleichner,89749,198066,184847,261621
Grimes LLC,40469,182230,17424,302359
"Renner, Krajcik and Dibbert",68553,36256,57281,14422
Corwin and Sons,89566,13120,121455,300860
Hayes-Harber,82421,82002,26568,130470
Hickle and Sons,88811,6803,146699,113387
Hansen-McLaughlin,99620,23986,259484,336480
"Schultz, Hills and Nicolas",75219,19304,11588,189721
Stroman and Sons,65031,184435,141545,272062
Brown-Moen,43651,78128,49377,9843
"Beahan, Kuvalis and Hoeger",17211,89137,169610,274972
Corwin-Koch,40515,61447,146680,278668
"Smith, DuBuque and Smitham",39221,119494,282950,220358
"Towne, Fay and Osinski",94739,41287,160741,344859
"Ullrich, Bartell and Greenfelder",93659,132982,276929,40302
Daugherty and Sons,34542,33023,174775,312070
"Sawayn, Rohan and Champlin",9114,9342,73385,345288
Green-Morar,35326,183960,125878,44108
Hyatt LLC,99898,142676,72962,73117
Stehr-Gibson,70876,33611,225077,97809
"Schuppe, King and Rice",31926,178207,153580,199323
Brekke-Pouros,61721,83781,117132,234563
Erdman-Hills,19216,183246,9821,153027
Stracke LLC,30810,11636,143877,265950
Ratke Group,26278,30245,64637,201571
Botsford-Kunde,63972,98847,278255,135019
Rempel Inc,93642,189028,25641,142917
Greenfelder-Upton,40808,188659,59960,311976
Gaylord and Sons,56339,30660,258909,321132
Koepp LLC,84883,4590,184911,320260
"Lehner, Brown and Dickens",35095,150994,120948,355276
Rohan-Block,45904,21634,38447,326505
"Hauck, Kutch and Wisozk",83663,179729,283931,214758
Hyatt-Abshire,2032,48628,299350,222911
"Ryan, Sauer and Lemke",69549,188504,197841,385771
Skiles-Mills,96993,27667,242657,281556
Koelpin-Mann,67390,178500,119236,63560
Nolan-Wiegand,75849,91351,79148,57738
"Blanda, Stoltenberg and Konopelski",1747,88193,85580,324449
"Abbott, Koelpin and Cormier",37465,3924,94127,212917
Wolff-Kub,23461,174050,84439,329843
Reynolds-Considine,88608,95519,185249,87869
"Armstrong, Pouros and Haley",41981,4066,106648,397660
Watsica-Legros,81546,139200,136495,107188
Hilpert Inc,59535,189234,34054,168408
"Thiel, Bernhard and Romaguera",42339,101861,140520,199495
"Wuckert, Windler and Schulist",69317,36492,293594,227682
"Moore, Goyette and Paucek",86241,146288,81678,393704
Durgan-Shields,57986,162746,117600,12358
Lehner-Nolan,31694,6331,8116,131771
Volkman-Kozey,16867,63555,107164,70610
Schuster and Sons,32702,87734,241063,110703
"Sauer, Gislason and Huel",84570,111683,260076,228472
Jenkins Inc,83532,110963,193129,139241
Klein and Sons,1507,19328,191747,188599
Mann LLC,23312,148444,171220,232176
Nikolaus and Sons,53320,160106,205647,106436
Hansen-Cummings,96122,64501,258933,12635
Bradtke LLC,24590,35365,86769,30503
Heller-Schamberger,7800,158895,70122,96455
Marquardt LLC,49142,120869,229158,223801
Emard Group,51869,77439,137508,270261
"Quigley, Parisian and Schmitt",97796,111609,245254,157784
"MacGyver, Armstrong and King",10935,23375,15973,363479
"Schultz, Feeney and Schaefer",65511,135802,136032,24451
"Rodriguez, Schoen and Ledner",14195,148992,278757,272853
Cassin-Bergstrom,8529,185943,240361,158274
Hammes Inc,46002,20976,248684,357009
Jerde Group,32033,187987,58404,137042
Mills-Bashirian,3812,8087,30304,15873
Zulauf-Mitchell,54492,107292,119200,104298
"Casper, Bartell and McLaughlin",82005,127152,108329,279023
Mante-Flatley,42212,186955,199578,70160
"Altenwerth, O'Connell and Douglas",62613,159891,148014,82511
Conn and Sons,40252,107737,285528,304257
Leffler LLC,45170,137263,23315,34486
Raynor LLC,17195,164138,210201,209213
Hartmann Inc,85743,67852,205242,102987
Volkman Inc,94365,127492,38050,174532
Becker Inc,51409,180865,225701,57555
"Wiegand, Turner and Zemlak",84017,24937,127497,209768
Larkin Group,47564,160416,228451,216793
"King, Kris and Weimann",79715,19216,24246,112573
"Ward, Davis and Kuvalis",20505,76308,114585,77298
Lowe Group,87095,174716,249928,238389
Moen LLC,30248,195389,166961,92248
"Kertzmann, Runolfsson and Herzog",17411,26559,137209,99713
Tremblay-Kreiger,7165,146118,36068,152854
Braun-Conn,18205,127932,37444,356794
Cruickshank and Sons,10072,7149,100808,188847
"Shanahan, Spencer and Prosacco",87347,126632,66583,311279
Wehner-Koss,51053,82879,75721,41620
White-Schaden,53607,48711,20135,392540
Bartoletti and Sons,13812,50994,190580,383052
"Lueilwitz, Goodwin and Flatley",64001,60756,133867,249151
Homenick-Jerde,43215,129894,82933,325124
Batz-Kuhic,50958,179425,81300,364901
"Harris, Doyle and Hagenes",82627,70550,109228,113682
Auer and Sons,27520,25165,275332,392033
Tromp and Sons,33856,94324,187093,168596
Hoppe Group,36013,158842,60077,112078
"Hintz, Quigley and Kerluke",3858,69453,30555,337587
"Russel, Kemmer and Prohaska",79718,74194,40542,266329
Dibbert Group,8158,102343,177794,360640
Lehner-Von,23583,140260,97700,285414
"Macejkovic, Cole and Kutch",53890,101660,171801,177780
Schaefer-Willms,28795,80293,166313,85966
Morar Inc,97839,58943,119012,103594
Gislason Inc,32598,105744,30172,50199
"Upton, Terry and Kshlerin",4436,7352,250922,318119
Haley and Sons,11708,28706,235668,220983
"Walsh, Murray and Parisian",43816,77483,223300,277744
Corwin Inc,68085,53160,277268,216974
Yundt-Lesch,8960,65337,231764,21601
Kassulke Group,87696,139655,299402,255015
"Windler, Johnson and Walker",62858,59409,214547,11074
Gibson-Gorczany,30550,15272,129744,112459
"Thompson, Wiegand and Christiansen",44807,150377,285663,399733
"Larson, Stark and Berge",17005,25334,219275,351465
"Wiegand, Dickens and Ernser",61736,190252,90485,157522
Nolan-Douglas,49295,121707,189822,244935
Denesik LLC,14578,132905,87652,378308
Wilkinson LLC,2071,47504,202354,330329
Champlin-Jast,37317,108791,140116,256207
Kertzmann Group,76685,182182,270434,114396
Skiles-Goodwin,34106,93699,42009,222433
Marks LLC,91949,163294,252630,267389
"Effertz, Ziemann and Leuschke",35279,78966,234959,247910
Kshlerin Inc,12311,55073,60882,327569
"Zieme, Oberbrunner and Auer",85664,72733,243164,161697
Funk-Flatley,51402,69691,205158,214248
"Howe, Osinski and Koss",16279,173775,211567,18182
Abshire Inc,1609,88420,96979,83512
Ortiz-Marvin,52614,165818,161788,12456
Terry and Sons,31706,186180,196582,25320
Bartoletti-Gusikowski,12233,10990,138216,31573
Cremin LLC,47252,22157,77205,238716
"Kassulke, Bode and Dach",73765,185965,209863,296612
"Gulgowski, Ratke and Hammes",95704,64017,294733,219051
"Bergnaum, Collins and O'Conner",8903,90703,235477,302437
"Ruecker, Johns and Swift",71715,161285,91051,87466
Huel and Sons,30578,54396,234080,376973
"Runolfsdottir, Olson and Rohan",94173,184828,104157,100650
"Volkman, Padberg and Dooley",38659,60146,174070,114490
Lemke and Sons,64040,102508,245252,71451
Marquardt-Stokes,95849,61652,263487,253580
Collier Group,17474,17012,143024,209871
Schaefer-Kiehn,51769,59134,126298,73868
Macejkovic Inc,71235,77798,27260,164266
"Gottlieb, Flatley and Hamill",95257,61004,47446,70933
Parker LLC,5404,59265,205432,25596
Collins Inc,6945,145216,207895,254719
"Ritchie, Kilback and Wyman",51349,166404,26365,21617
Reilly-Ebert,24998,161999,297540,162374
"MacGyver, Buckridge and Schroeder",29658,57298,149251,246993
Lindgren and Sons,44362,160212,149265,321673
Prohaska-Wisozk,40135,7275,18116,395602
Feil-Heidenreich,17730,19752,218300,273113
Schuppe LLC,88091,187733,111747,223610
Wyman Group,31802,49780,44690,299536
Ryan and Sons,3646,191100,193109,80589
"Morar, Kiehn and Powlowski",66714,130579,41427,205191
Carroll Group,58327,48071,13046,74721
"Waelchi, Wisozk and Wolff",63609,196823,43264,357899
Bednar Group,78298,169503,3984,74148
Boyle-Gibson,15628,111953,31453,212073
Bogisich Inc,78834,190937,23646,282890
Stanton Inc,98486,171515,186980,320922
"Schneider, Kuhic and Walsh",18849,116880,96026,295840
Mann Inc,14781,80649,216560,288831
Lind Inc,80370,9719,147532,76271
Bauch Inc,34023,43704,259123,50572
"Terry, Trantow and Thiel",92343,88819,70586,162143
Farrell Group,17591,198013,125099,120487
Metz Group,14242,139121,126744,249973
"Ankunding, Tremblay and Kovacek",54742,24435,256386,82091
Paucek-Wisoky,11661,58219,63368,295705
"Kertzmann, Runte and Reichel",55498,6827,205340,96329
Torphy-Senger,12439,118759,207566,35070
"Mertz, Glover and Senger",4948,164107,245831,190717
Langworth Group,42906,109494,32063,211846
Lowe-Bergstrom,28625,69998,149571,29131
Schumm-Rosenbaum,67942,170596,175231,199606
Welch Group,22129,160323,200740,254850
Kris-Smith,77205,176241,118644,229885
Nienow-Yost,89479,93016,122675,201853
Stamm Group,36515,37397,235013,379710
Hermann Inc,90054,117590,206617,391209
"Koch, O'Connell and Emmerich",34971,94744,7473,86599
Kuvalis-Fritsch,5989,169025,103177,334309
Bartoletti-Quitzon,15554,52854,242997,143858
"Sawayn, Hickle and Heaney",95199,109399,240290,106077
Rowe-Mosciski,28173,2974,255670,263254
Walter-Hickle,50967,17397,170628,84533
"Hirthe, Okuneva and Rodriguez",54317,61969,115668,80907
Littel and Sons,87042,18895,217860,114196
Koelpin-Lebsack,70390,25586,53376,329968
Wiegand-Lueilwitz,48516,185873,112849,349208
Schaden LLC,56373,67567,240493,226049
Olson LLC,62319,8135,217082,344840
"Feeney, Kunde and Lynch",71218,192114,202670,219158
"Heaney, O'Kon and Schmeler",33428,161736,212719,337610
Haag LLC,70827,181926,79931,291807
"Durgan, Jakubowski and Pacocha",38798,58902,193958,61151
Reilly and Sons,14222,161815,43931,205354
Balistreri-Rath,44426,115897,185508,358607
"Batz, Gleichner and Littel",95136,70212,14765,254383
"Green, King and Wehner",98256,7781,53067,219729
Ferry Group,60775,178664,146302,175017
Wuckert-Rodriguez,65850,84416,96869,254497
"O'Kon, Donnelly and Jaskolski",9488,195978,263083,26650
"Mayert, Predovic and Durgan",9374,126309,299404,283465
Wilkinson-Turner,49569,113414,38905,105258
Kreiger-Skiles,99086,60643,47720,347919
"Jaskolski, Koss and Leannon",61139,137002,196256,168735
Hoppe-Murray,24963,11505,149323,259344
Rowe-Rogahn,39840,90050,105396,174144
Bashirian-Toy,76115,184771,258193,324886
"Ritchie, Koepp and Sipes",7666,115162,218564,197005
"Romaguera, Breitenberg and Hayes",61829,32796,59169,46753
"McDermott, Orn and Hamill",35569,70994,151277,84677
"Tromp, Wehner and Kassulke",59428,159102,226595,280213
"Funk, Wunsch and Towne",14289,87636,182071,167047
Reilly Group,5210,149973,97004,106015
Harber-Stokes,97069,26818,135912,288111
Frami-Walter,90009,18255,61760,212285
Brekke and Sons,86212,181232,267107,129596
Carroll Group,86364,189494,203329,116151
Veum-Bartell,76268,153278,28330,62568
"Bradtke, Ratke and Orn",4527,43301,264205,72118
Luettgen and Sons,31074,68571,183473,146760
Russel-Hammes,40565,81392,50489,271818
"Kunze, Rosenbaum and Champlin",66932,142165,181712,180025
McLaughlin-Moore,1606,125417,120580,348745
Dickinson and Sons,24338,152321,156733,322643
"Powlowski, Jast and Quitzon",95991,103706,256200,107057
Emard-Vandervort,20862,123391,7899,352741
Marvin and Sons,16571,80639,139195,275434
"Moen, Waters and Rempel",47101,171541,138677,223908
Nader Inc,61627,9294,69440,143316
Maggio-Welch,51420,190440,36039,320810
"Marks, Mosciski and Funk",39036,27395,154311,42572
"Erdman, Greenholt and Bernier",40102,18399,19224,270683
Bailey LLC,97013,174467,141181,80818
Weber-Wintheiser,12642,25782,114355,344331
Bauch-Hudson,25587,119502,70981,360060
"Satterfield, Corkery and Schmeler",51273,23906,94529,189966
Stark-Lang,20495,79168,284326,123022
"Jones, Batz and Harvey",69667,32466,278171,52124
Christiansen Group,43810,53723,295340,90570
Bradtke-Hermiston,69026,52874,283059,98121
"Gislason, Boyer and Buckridge",90721,170521,259683,12655
Reichel and Sons,78599,11361,125019,225852
Cummerata-Bergstrom,90811,150762,99552,100479
Beer-Cartwright,10215,145646,90839,189553
Rutherford-O'Reilly,34122,63113,224071,144888
Kuhic-Yundt,9043,158990,249602,256857
Reichert Group,28945,89548,292789,7696
"Kling, Gusikowski and O'Kon",36717,182048,266343,85452
"Medhurst, Lueilwitz and Witting",38314,44140,140923,56660
"Gulgowski, Wehner and Wiegand",87635,2287,7258,36997
"Hirthe, Schuppe and Kautzer",83941,57554,243293,183251
"Hahn, Maggio and Ferry",26978,2892,132642,381672
Parker and Sons,8970,122381,37200,44858
"Reynolds, Bechtelar and Durgan",88769,13542,108696,249771
"Shields, Koch and Kautzer",29849,85959,251470,335955
Moore Group,98527,188664,276987,390013
"Pfeffer, Goodwin and Heaney",49755,96959,185876,311849
VonRueden-Lakin,63327,36160,176286,91469
Pfannerstill-Nienow,32726,43519,173846,385384
"Greenholt, Waelchi and Donnelly",60157,188285,22679,291628
Abernathy Inc,41734,156638,106968,212081
Hauck Inc,17407,64216,16107,179282
Borer-Stoltenberg,81749,107158,230453,360443
Rohan LLC,13005,104718,241414,277472
Tillman-Wiza,71492,113858,91953,156559
"Gottlieb, Bernhard and Aufderhar",68179,166643,132664,278648
"Schiller, Bernier and Lemke",15284,92416,34828,256877
"Rau, Hilll and Runolfsson",98742,123855,43958,377599
"Rippin, Macejkovic and Herzog",40639,96468,73635,379541
Moen Inc,91496,98516,26240,28601
"Heaney, Cole and Hills",22341,111146,251235,236652
Padberg-Heller,28646,13335,171673,302617
Huel-Flatley,5041,66639,258066,201863
"Wilderman, Jacobson and Ferry",12923,39410,116228,231750
Maggio-Wolf,84874,52741,247511,243984
"Zboncak, Quitzon and Bogisich",70755,111581,252092,310673
O'Hara-Schimmel,47565,32957,216454,257873
Purdy LLC,51457,44341,128812,42112
Glover-Kling,23835,175304,154028,284346
"Reynolds, Schulist and Durgan",8285,127267,89073,379412
"Langosh, Gutkowski and Daniel",94266,101239,150889,325432
"Brakus, Runte and Schiller",92673,55043,99646,177090
Runte and Sons,67879,169424,77853,372913
"Lang, Waelchi and Schmeler",48413,28080,15859,296924
"Eichmann, Keebler and Dicki",50686,108992,291386,397971
"Blanda, Auer and Jacobi",25838,186447,20897,191938
Koelpin-Friesen,35569,155021,163999,54404
"Rosenbaum, Gerhold and Dickinson",62505,198131,194364,254157
Gottlieb LLC,43913,189672,87583,113247
Raynor-Tromp,50212,110766,105413,139176
"Lemke, Labadie and Nienow",72167,6047,44965,191353
"Homenick, Lueilwitz and Bruen",19453,93804,180911,211206
"Abbott, Schmeler and Fay",70279,62165,3099,149373
Adams Inc,33481,132243,99173,172643
Schaden LLC,68737,180793,167201,84118
Oberbrunner-Wunsch,40246,176783,133731,184129
"Von, Ratke and Tillman",12706,73067,233402,62862
Krajcik and Sons,44352,128885,181348,351212
Jaskolski and Sons,55098,140127,228094,86729
Cole and Sons,32732,150783,290054,286842
Gorczany Inc,90013,168356,249015,253676
Connelly-Flatley,29056,107308,125684,344106
"Dicki, Schaefer and Zulauf",64046,191002,119855,100372
"Bartell, Bernhard and Von",5272,129726,98523,8740
Jones-Lind,54043,166383,15941,174817
Paucek-Mayert,83235,97277,207686,85760
"Kemmer, Bartell and Douglas",23800,109680,248806,234189
Effertz-Bashirian,17918,140230,296289,65131
Weissnat-Feil,6017,53116,181751,360651
Rodriguez-Rowe,82107,144680,259929,243252
Parker-Graham,11875,172552,254841,259436
Wilkinson Inc,94908,81094,273600,46329
Bahringer-Morissette,76970,112625,282805,113700
Hackett Inc,20743,51463,206701,113157
Greenholt and Sons,75042,32677,103860,15944
Corkery-Shanahan,20823,110262,78560,302429
"Bogisich, Kuhic and Kuhn",74291,87924,181422,161940
"Moen, Connelly and Schimmel",36960,126325,92312,18597
"Spinka, Reichel and Haag",31639,102723,296270,274648
"Schumm, Stroman and Crooks",96447,138415,243422,8282
"Kuhic, Kihn and Toy",33526,57722,73706,87398
Hudson-Boyer,39135,171814,212306,180678
Goldner-Heidenreich,59521,112600,243129,224184
Gutkowski-Durgan,18926,154936,179805,73636
"Crist, Torp and Kessler",97221,177678,195255,44870
Ledner LLC,28384,92208,119108,385521
Bailey-Sawayn,21433,183234,180226,345225
Lueilwitz LLC,58441,136585,199869,335786
Wisozk-O'Connell,50073,90500,70451,255308
DuBuque-Dicki,85541,115785,11775,258490
"Howe, Heller and Dibbert",35868,94584,287833,340380
Bayer Inc,60963,162218,126309,211077
Adams-Feil,20338,64355,33013,127966
"O'Conner, O'Keefe and Wintheiser",52445,184541,82339,318016
Gutmann LLC,63785,107451,235575,174347
"Shields, Zemlak and Hermiston",29379,39736,157228,306833
Schiller Inc,47862,174271,203909,51843
Hahn and Sons,33011,75622,289988,211996
"Reichel, Jerde and Metz",77288,174345,180396,332295
Abernathy-Bogan,78610,142921,29275,369174
Reilly-Kulas,7512,78816,69297,93496
"Bosco, Rice and Bartell",25701,87422,217296,325897
Sporer-Nolan,15732,149191,180958,46617
"Moore, Carroll and Greenfelder",1928,196262,222614,9900
Monahan Group,47214,167630,28848,108549
Rohan LLC,30811,145858,167249,326353
Hodkiewicz Inc,10344,58831,100903,361287
Rowe-Kihn,90134,119479,281535,228056
Nitzsche Inc,80580,67684,242193,361385
"Block, Lind and McKenzie",21054,82981,6081,167290
Russel Inc,24141,136835,153767,285049
"Frami, Conn and Bogisich",96377,48821,96429,288500
Hamill Group,9517,124192,271703,70882
Corkery-Cruickshank,65378,122951,134611,161857
Koch Inc,21270,96279,125666,295522
"White, Cremin and Altenwerth",72114,168998,191486,348328
Johnson-Adams,30223,62423,41567,62184
"Hoppe, Tremblay and Runolfsson",68123,16202,291423,160187
Welch LLC,86911,160806,250527,268896
"Kuhn, Hilll and Walter",52728,179729,24489,180901
Moen Group,32954,196117,39324,395348
Spinka-Goodwin,13030,158447,116062,372895
Ondricka and Sons,11365,31613,199664,235756
"Mann, Deckow and Lubowitz",98762,43780,172582,392785
Lynch-Corkery,85806,83595,44057,149605
Kovacek Group,84650,183339,111501,352629
"Feest, Emard and Hessel",48539,60006,4516,374925
Vandervort-Hodkiewicz,30750,60840,70826,326946
Goyette LLC,65423,191780,6181,299959
Feil Group,53889,125394,250440,31876
Mayer Group,3203,145814,89787,348916
"Morar, Mertz and Lockman",34763,195563,178085,325615
"Schultz, Ebert and Stokes",69927,161256,155229,137245
Lemke-Green,50223,179339,116157,86239
Connelly and Sons,96740,61417,290492,233753
Daniel LLC,63812,82666,208464,364148
"Moen, Kozey and Mills",49966,63616,26229,318953
McCullough and Sons,7827,51555,15002,14728
Torphy-Spencer,42390,176093,133574,184179
"Okuneva, McDermott and Renner",15506,185053,181809,321221
"Maggio, Borer and Breitenberg",71145,126971,58529,312720
"Wolff, Zulauf and Reichel",9398,172819,82534,236667
"Zboncak, Kris and Ernser",44187,89816,182419,11472
O'Kon-Willms,74036,90593,80166,100373
Oberbrunner-Auer,95004,178328,61407,27074
Sipes-Champlin,80174,132894,152542,206457
Mann-Rempel,23594,146528,216084,250785
Witting-Wiza,53821,197561,79567,254185
Abernathy-Ruecker,36536,196685,109121,64093
Dicki-Hayes,2260,33000,25603,33759
"Hegmann, Weimann and Rice",11810,6094,113210,230805
Beahan LLC,7275,53732,23899,269525
Murray-Feil,78175,158457,79601,284205
Hills and Sons,74606,197163,6855,20380
"Simonis, Kozey and Cruickshank",61322,111034,46000,318230
"Miller, Stamm and Herman",14002,173222,42095,55406
Jenkins-Hackett,21985,6478,175240,172824
Hoeger Group,31378,180734,218934,202719
Lemke-Johnson,92567,31136,57640,13784
Gottlieb Group,28766,127228,33128,185824
"Wehner, Sporer and Pouros",24045,2957,19497,263582
Reynolds-Collier,99600,54306,111169,260246
Berge-Conn,39641,142962,136138,197617
Schmeler-McLaughlin,50141,58144,32157,267813
Emmerich-Stehr,33890,138030,293595,314984
Zboncak-Schowalter,65103,2278,292671,231269
Wyman-Lang,31021,190728,93741,376091
Parker Group,2303,25174,266475,202908
Treutel-Hessel,46915,104624,41176,265739
Casper LLC,71155,43306,204292,65667
Hartmann-Ullrich,88401,182401,175438,197356
Carter-Eichmann,30010,185003,67490,178800
"Murazik, Turner and Tillman",62605,183253,104563,47688
Rosenbaum Inc,71187,116822,45752,72531
Dickens-Roob,31616,189674,40941,63476
Brown Group,79566,189845,31664,276116
"Kutch, Leuschke and Barton",72745,152887,86692,22267
Mills Group,8002,73135,273491,399990
Gerlach-Littel,14141,198989,76675,108481
Gleichner and Sons,22811,176139,239296,124512
"Terry, Schmitt and Dicki",47404,65314,93826,364698
Bernier-Kuphal,28010,136171,76300,79648
Bailey Group,44188,94316,54605,126954
"VonRueden, Carroll and Huel",87932,172240,164182,85693
Morissette-Hagenes,1412,190570,56437,269484
Pacocha Group,51158,96963,28608,145078
"Baumbach, Ledner and Boehm",34459,179025,291912,205990
"Olson, Cartwright and Stehr",21314,139491,120931,181876
Yost Group,7089,36252,10838,200019
"Moore, Lindgren and Marquardt",62158,18011,260949,109561
Fisher-Wilkinson,24740,131427,215065,328847
Hauck Group,94381,37077,244951,256542
Jacobson-Mills,57172,34220,153686,29046
Murphy-Klein,69175,107655,57175,19932
Spinka-Bayer,13958,142772,274137,26975
"Reichert, Batz and Oberbrunner",45010,112995,88958,233523
Stanton LLC,67440,34742,73601,161149
Hintz Inc,68574,173998,124784,177129
Prohaska and Sons,27912,129303,15477,14933
Halvorson-Howe,26719,153496,178760,67435
Wunsch Group,23527,102918,233186,90423
Johnson Inc,46619,12900,94402,289519
"Oberbrunner, Labadie and Yost",76094,139454,108732,221241
"Monahan, Carroll and Stark",30572,37284,240318,39076
"Lubowitz, Sauer and Casper",67946,196154,270071,51314
Hansen LLC,75719,15160,142415,122606
"Mraz, Ledner and Rath",42374,45337,67571,202179
"Koepp, Leffler and Emmerich",47535,148783,104815,16802
"Stiedemann, Thompson and Krajcik",60136,167776,228725,12796
Schaefer-Murray,11194,64452,264449,42148
"Bahringer, Kunde and White",15439,48288,92736,388624
"Jerde, Langosh and Bartell",10502,12749,29754,153207
Torp Group,20775,124657,240316,235143
"Gislason, Ondricka and Bergstrom",56382,133071,3320,176768
Bergstrom LLC,24177,132650,134563,71243
McCullough-Ratke,39015,25895,154809,314454
Goodwin Group,81300,89558,207393,273155
"Morar, Davis and Bartell",97210,174696,161541,376095
"Mante, Stiedemann and Hayes",63651,97519,78226,295314
Trantow-Buckridge,85734,146380,293853,136387
"Parker, Dicki and Ritchie",93772,158655,258520,204343
Murphy-Terry,42648,123767,10294,19956
"Von, Price and Reinger",87658,117400,92786,380907
Jast-McLaughlin,30659,160961,191318,331574
Glover Inc,59716,149439,201519,321531
Streich-Bruen,31316,150578,93903,259802
Hansen LLC,97426,12495,99038,216687
Shanahan Inc,78348,120450,227336,89084
"Sauer, Cronin and Hermiston",87940,36336,112737,341267
Bins-Walter,74291,183844,238619,24058
Larson LLC,79969,170106,163238,252409
Parisian Inc,45979,14384,112489,294852
Donnelly-Dare,1552,76965,296356,328729
Feeney-Weber,2195,170566,57685,151078
White-Franecki,95819,70505,236867,209762
"Wiza, Buckridge and Gaylord",36761,46626,143089,384202
Stracke Group,33213,81996,185986,243946
Senger and Sons,71145,187743,113234,276261
"Gleichner, Casper and Lehner",23319,13923,271153,59394
"Ankunding, Schuppe and Breitenberg",33745,92617,287771,330736
Langworth-Hodkiewicz,88875,57263,67105,167360
"Osinski, Marks and Dicki",15082,198149,220353,231930
Heathcote-Lemke,23595,132075,248780,83543
Kunde-Rohan,80984,92537,100192,265379
Zieme-Leffler,83343,98771,127867,130147
"Kshlerin, Konopelski and Trantow",36589,24328,38989,93207
"Nienow, Barton and Waters",52263,158393,50444,204750
Hauck-Kuphal,52324,105111,98945,9462
Kirlin and Sons,27650,156378,117917,173788
Schiller LLC,35803,75336,284237,277047
Feeney-Lebsack,65546,179640,193800,352828
Ullrich-Herzog,81036,141443,131400,272178
Bailey-Cummerata,8324,51230,179039,230036
Muller and Sons,27581,24441,254058,256422
"Frami, Murray and Swift",8668,16388,70784,115425
MacGyver Inc,80482,130741,51491,272457
"Kemmer, Corwin and Reynolds",98477,70732,275208,142736
Durgan-Ullrich,42895,71481,167413,162558
Langosh LLC,43482,155197,195368,360543
Watsica Group,72273,178978,235257,387349
Witting-Cummerata,38294,21340,104950,132868
Conroy-Fadel,15738,144111,22404,275524
"Stehr, Nitzsche and Stoltenberg",72536,9385,192993,341539
"Gerhold, Abshire and Brown",43549,131879,89462,82577
Eichmann and Sons,80735,27568,211337,21965
Upton-Zboncak,18600,87595,250154,295170
"Mosciski, Aufderhar and Stokes",60124,42885,227687,303231
Jones-Wolf,4620,191897,265370,262249
Fadel Inc,53080,83941,207196,334785
"Fadel, Rice and Schuppe",94210,189444,86592,388203
"Osinski, Cummings and Nolan",76850,136515,192960,253852
"Pfannerstill, Oberbrunner and Armstrong",30451,154238,184327,398895
Flatley LLC,1715,36502,202168,18437
Flatley Group,95149,164115,281832,271180
Kshlerin and Sons,21735,22365,278782,190216
Barton LLC,11667,100112,275339,324052
Mayert-Schinner,74007,186308,62793,141038
Huels-O'Kon,16755,157911,130982,287275
Batz-Schaden,13464,32501,9488,369832
"Schaefer, MacGyver and Grady",20325,29444,35290,185272
"Lesch, Thompson and Ernser",43557,198927,118311,280997
Kris-Kozey,36784,79217,17317,165837
Effertz-White,65547,147356,232569,268709
"Auer, Langosh and Rice",30768,196324,193520,98833
"Littel, Carroll and Hessel",85187,168533,257512,178923
Daugherty-Prohaska,70306,189161,59991,381695
Reichel Group,41194,47220,172916,112810
"Crooks, Stiedemann and Metz",88482,121885,67128,48767
Powlowski-Prohaska,56295,15499,122107,394297
Kshlerin LLC,33780,144261,89587,191501
Bins-Walter,72151,73817,69104,194939
"Rempel, Greenfelder and Schultz",84576,5323,46070,368720
Simonis and Sons,20244,166407,248716,269193
Bruen-Grant,18173,152871,291979,353251
Hermiston-Hirthe,5011,144069,255545,27539
Kshlerin Inc,31938,23656,259902,20196
Hane-Smitham,64762,55589,240971,392029
"Berge, Lubowitz and Dibbert",34682,105326,193651,270094
Grant LLC,26951,42305,61054,70258
Macejkovic-Zulauf,24445,100470,48650,144446
Tillman and Sons,40737,177867,239121,341098
"Rau, Bode and Hilll",58008,9895,237758,64997
Morissette and Sons,21885,194140,11994,285665
Sipes Group,83061,144708,47986,13001
Jaskolski-Romaguera,93001,39364,163689,152694
"Glover, Sporer and Gulgowski",12873,136362,235163,128891
"Christiansen, Daniel and Crooks",12533,55313,162629,346745
Mohr Inc,10581,198955,215895,194630
Bernhard-Stehr,7133,198695,183309,346405
Nikolaus-Conroy,44341,145039,213205,320635
Skiles-Schmeler,48294,12992,125985,262997
McKenzie and Sons,54178,176834,136644,244853
Trantow Group,36659,85671,295032,225517
"Schoen, McCullough and Gibson",56046,85357,85417,196233
"Casper, Emmerich and Murazik",63074,151672,238239,86508
Pacocha Inc,57883,73775,272665,177700
"Keebler, Bashirian and Smitham",7453,197968,190954,42532
McClure Group,13646,81441,156529,303507
Kassulke-Steuber,30834,63311,9929,285851
"Schultz, Terry and Koepp",2917,36691,263228,282021
Orn-Bogisich,80606,12389,34116,161857
Denesik and Sons,30157,47779,74480,9926
Hickle LLC,16893,25020,104214,197746
"Turner, Gottlieb and Kertzmann",38834,4783,107296,176347
Hegmann and Sons,94715,138646,292018,259999
"Cremin, Williamson and Howell",10369,184214,258022,93566
"Will, Rutherford and Gusikowski",33251,16475,191840,348579
Hand-Zulauf,51977,137897,104069,364726
Crist-Schulist,67243,126301,290140,224295
Harris-Collins,24625,133640,209742,36173
Kutch and Sons,57760,15811,36894,143240
"Auer, Mohr and Mann",60959,12035,133912,103330
"O'Hara, Torphy and Nicolas",2928,135617,140068,342999
Denesik and Sons,29817,156977,82897,101325
Willms-Rath,98107,67645,230541,284090
Hirthe-Hauck,54076,37283,16732,99512
Trantow and Sons,65594,51024,43745,54842
"Hartmann, Bins and Balistreri",66898,7858,82543,7539
Kautzer Inc,25604,170878,65427,13330
"Hackett, Pollich and O'Keefe",28846,134124,219824,353450
Conroy-Gaylord,31545,72377,119834,254586
Eichmann-MacGyver,3966,133669,68643,112532
Langosh-Adams,39226,155198,176637,361538
Hand-VonRueden,6562,25657,16589,8580
Miller-Daniel,94064,199908,136330,100205
"Corkery, Jakubowski and Willms",36263,46347,244724,209010
Gutkowski-Larson,31276,168029,267161,325809
Corkery and Sons,14085,160417,221704,11540
Wisoky-Turcotte,87452,112876,62994,392238
Mueller-Rogahn,87412,95654,72294,215922
"Erdman, Nader and O'Keefe",38369,125981,221700,34622
"Corwin, Kris and Jacobs",48005,85478,258302,305010
Thiel-Kemmer,29189,191346,70453,270276
Fritsch Inc,94792,50590,243318,50551
Goodwin and Sons,34551,36408,95697,213717
"Veum, Schneider and Spinka",74869,11818,69356,184045
Armstrong-Cummings,22366,111879,155968,359760
"Prohaska, Schimmel and Rath",44903,37000,52234,368299
"Durgan, Cassin and Jenkins",57831,88774,149316,218699
Kerluke-Champlin,47035,159978,205089,309923
Gottlieb Inc,56975,53036,30729,344597
"Kovacek, Parker and Becker",34092,32930,25742,167508
Hoeger-Barrows,72619,94780,258124,363046
Langosh Inc,98587,191847,176594,94512
Wehner-Gorczany,33564,82976,207609,179217
"Leffler, Huel and Langworth",39342,50184,183510,53798
"Ferry, Larkin and Mayert",41795,139076,124847,102698
"Schmidt, Bailey and Torphy",5824,176001,18894,285736
Kunze-Buckridge,36450,15488,47934,352015
"Quitzon, Armstrong and Tremblay",67176,68843,76990,222086
Dicki-Cremin,47938,194264,159321,69291
Welch and Sons,46713,129612,291620,176937
Ferry-Rosenbaum,34019,132194,17663,303119
"Stamm, Trantow and Altenwerth",1439,138208,51429,107754
Maggio-Cartwright,20232,152449,103667,144041
Upton-Ferry,93601,95718,192579,241222
Kiehn LLC,70959,72533,172426,44246
Schaden Group,18257,93941,4725,73619
Beier-Cartwright,35230,43455,92314,196819
Lebsack and Sons,43429,145842,195572,339121
Cormier-Dickinson,59252,164252,211534,67048
"Dietrich, Prosacco and Rodriguez",19693,113128,79478,120494
Dibbert-Reynolds,72339,53436,106800,280947
Kessler LLC,29572,110424,201711,207430
Effertz-Erdman,50926,81719,4386,322844
Kuhic-Klocko,34071,156586,196386,147057
"Nader, Smitham and Olson",58314,51837,216049,111128
Barton-Dibbert,77697,133300,149402,208021
Gleason LLC,33848,79451,293379,75872
"Harber, Kris and Carter",65822,109272,244665,130066
Kshlerin Group,75110,180383,53339,48146
"Cummerata, Ernser and Murphy",13922,124326,279175,7565
"Gottlieb, Abbott and Dietrich",66826,133655,251910,280246
"Johns, Walter and Bernier",24081,187998,281275,210708
"Rempel, Corkery and Runte",25658,108486,213031,28027
"Veum, Rolfson and Gleichner",65305,87868,216498,114838
Donnelly-Cronin,69639,70627,148929,276938
"Runte, Dickinson and Leuschke",34645,60273,100209,380373
"Wuckert, Cremin and Torp",58499,52914,181587,230642
Emmerich-Walker,97765,18295,207695,386513
Runolfsdottir-Schuster,22239,17622,89228,192804
"Wolf, Christiansen and Bartoletti",81120,83926,153543,200343
Cole Group,94778,142267,269388,78151
"Hamill, Swift and Stracke",63642,150591,92925,355065
Wiza LLC,33602,75190,79393,181611
"Herzog, Kemmer and Steuber",97430,65130,154905,143903
"Upton, Boyle and Nikolaus",86370,44251,230162,344076
Kassulke LLC,86537,75468,37409,84247
McGlynn LLC,89984,111684,296888,315766
"Gerlach, Monahan and Hegmann",20330,61595,260885,294836
Larson Group,45455,26301,6294,113605
Stark and Sons,11181,141997,112561,11309
Reinger LLC,68095,95564,232011,77713
"Swaniawski, Rodriguez and Lowe",30876,3755,26061,394052
Lehner Group,34730,17378,269271,278799
"Lynch, Padberg and Sanford",33218,42593,234806,71591
"Howe, Pfannerstill and Boehm",60898,2632,144028,14427
Baumbach Group,80846,188633,134798,376719
"Adams, Stokes and Corwin",32725,93400,49272,51268
"Kub, Hills and O'Reilly",67526,77817,144201,328798
Gerhold Group,55680,128544,126466,142737
Schiller Inc,76709,182377,280665,262605
Zboncak Inc,48144,123057,297909,226539
"Schiller, Kerluke and Herzog",94358,175525,83679,112971
Hettinger and Sons,2985,100184,286710,306069
Hilll and Sons,95143,150068,31594,129504
Orn Group,95984,8743,149310,90111
Wunsch-Hane,11785,137444,73029,231131
"Schmitt, Collier and Wilderman",88836,100684,95450,278466
"Heidenreich, Bergstrom and Cassin",82873,188096,246238,368671
Hackett-Champlin,9335,165601,244282,298868
"Feeney, Gutmann and Lubowitz",42247,6866,208968,366135
Prosacco LLC,25483,120680,106134,6710
"Block, Yundt and Mitchell",15365,95437,36710,307523
Thompson and Sons,86766,18010,47186,95507
Macejkovic-Blanda,11780,134024,247031,328548
Altenwerth-Roberts,58706,159699,235206,202079
"Quigley, Orn and Mills",14762,155290,9017,345271
"Bergstrom, DuBuque and Kunde",55375,59610,121549,260515
"Monahan, Terry and Fisher",23338,83653,6435,237168
Upton LLC,6850,181843,170657,336664
"Green, Pouros and Rodriguez",23537,123587,94844,366001
Metz Inc,73237,153623,72460,260850
Sporer LLC,1267,195439,147062,207048
"Bosco, Romaguera and Brown",37727,5971,149531,328612
Lakin-Witting,23208,77110,237547,22891
Dickens Inc,68345,77736,191343,345598
Kerluke Group,7427,66140,149070,32799
Murray LLC,92722,91160,174092,341683
Miller-Gleichner,8713,163994,87799,190023
Stiedemann LLC,19363,155612,295174,361908
"Schaefer, Goyette and Hilll",69346,173294,110593,275618
"Botsford, Grant and Swift",25113,189628,91549,134567
"Runolfsdottir, Doyle and Collins",75432,56515,29576,37404
Fisher-Lang,96334,13790,258988,285894
"Hettinger, O'Hara and Hyatt",74618,37923,42657,44639
Brown and Sons,29295,135622,67561,355104
Bednar-Hirthe,74505,49080,78803,63203
Weimann LLC,74650,46361,20836,87623
"Schumm, Yost and Wisozk",48696,145349,66196,148463
"Gutmann, McClure and Gerlach",99675,96810,299442,391443
Little LLC,54511,74950,132802,254921
Schulist-Barrows,96135,4064,7083,37103
Fadel-Kutch,25073,84528,105472,75578
Lehner LLC,29993,36356,154163,22271
"Swaniawski, Konopelski and MacGyver",65657,142041,128436,149535
Swaniawski Inc,6707,159827,104272,348161
Goodwin-Pfeffer,38800,88345,39035,354102
"Gutmann, Mohr and Lakin",20051,121675,142519,132232
"Boyer, Heathcote and Senger",13170,143397,140911,133901
Thompson LLC,6580,82197,147113,42955
Bayer Group,39493,76478,297329,350119
Osinski Group,59266,11562,197867,148999
"Gleason, Schowalter and Glover",44974,115446,101319,209051
Herman Group,91875,81806,39933,192261
Rosenbaum Group,78282,132258,269610,94559
Kling-Stehr,6375,21722,194240,36357
Wisoky Group,43784,24549,196136,237957
Fay and Sons,51974,31125,129116,253153
Nicolas-Rau,5822,75399,295940,354633
Hoppe and Sons,35135,121448,89242,295924
Tromp-Beatty,14324,143617,200260,166515
Aufderhar and Sons,62652,123215,84557,296867
Mosciski Group,85351,63062,83203,237672
Koepp-Hyatt,39839,150911,237090,226177
"Stroman, Adams and Rolfson",68161,192128,210585,196612
Nikolaus and Sons,84664,120877,127137,247769
Bruen-Bednar,10380,168419,18182,99616
Kuhlman Group,11349,69752,81386,103289
Schaefer and Sons,64426,82586,171285,310021
Hilpert-Wehner,95708,137975,106380,8713
"Stokes, Gerlach and Turner",12050,16612,39553,248788
"Blanda, Ritchie and Dickinson",62813,198051,134200,66016
Feil and Sons,19956,187855,220825,273321
O'Connell-Stanton,55678,125391,49756,301724
"Block, Pagac and Muller",5649,175043,194694,304210
Barrows-Wintheiser,18680,108029,23947,265918
Fisher-Balistreri,83805,139110,106880,251811
"Carter, Wolf and Hyatt",2465,32133,235112,342389
Beer-McCullough,64770,105423,194287,59141
Kunde and Sons,3331,73037,132273,43155
Weber Group,25798,195984,81960,26406
Kautzer-Paucek,38679,96697,197741,345242
Spencer-Lemke,41111,15730,5069,229434
"Gerhold, Gusikowski and Green",31430,131878,69733,237364
Larson LLC,82845,167065,30406,204347
"Bernier, Strosin and Johns",54469,195018,275213,195975
"Botsford, Williamson and Franecki",77407,131176,192968,358007
"Klocko, Ernser and Kohler",69283,189941,86578,66735
O'Conner LLC,13329,154067,69717,272385
Funk-Doyle,55400,134506,100500,291386
Prosacco Inc,78086,170748,267897,176635
"Hane, Feest and Carroll",9384,13532,38302,100998
"Dach, Bartoletti and Thiel",9162,88834,242880,381468
"Baumbach, Bruen and Schultz",91521,172199,10163,12799
Kiehn LLC,47546,144501,287529,80721
"Moen, Lindgren and Lubowitz",66635,14255,128110,235742
Bechtelar Inc,3471,147117,130659,35310
"Hahn, Hoeger and Dickinson",9807,32795,167864,314465
Leannon-Morissette,98532,193814,284640,132339
O'Conner Group,94467,95605,144601,328174
Doyle Group,44458,178233,243029,389688
"Kemmer, Dickinson and Rowe",50968,169488,142943,35389
Sanford LLC,90707,77261,81884,136075
Reynolds-Rice,58327,193552,71083,343811
Labadie-Wolf,79693,22171,95164,152754
Smith Group,12987,11173,8029,80748
Waelchi Inc,90071,10192,220272,398496
Schulist-Klocko,8378,104030,147997,223241
"Goyette, Waters and Lehner",99219,42200,29548,169730
Fisher-Jenkins,10847,154496,132668,164964
Bartell-Flatley,5864,181265,63426,100453
"O'Hara, Raynor and Langosh",58089,21140,274854,184970
"Homenick, Dietrich and Gutkowski",69111,60272,23178,38617
Bayer and Sons,98582,44747,114290,210765
Block and Sons,58715,91267,133228,259073
"O'Keefe, Schoen and Howell",74432,91805,153190,391754
Walker-Hagenes,78839,156085,30353,7584
Rath-Wintheiser,69219,151823,263372,363869
Torp-Little,90208,122159,58314,344132
"Konopelski, Koss and Mayert",82786,134529,211352,137120
"Lynch, Spencer and Ward",70052,2053,132630,334596
"Shanahan, Spencer and Lemke",18466,53779,66590,281557
West Group,27800,57775,187113,286662
Hauck Inc,17094,46769,261411,207505
Luettgen-Turcotte,21955,162808,219770,20414
"Prosacco, Marvin and Gleichner",85765,138937,296815,386934
"Ankunding, Hamill and Kutch",35334,5578,15269,280388
Torphy-Muller,93764,112461,219146,345640
Cartwright Inc,55846,196899,218701,55518
Schmidt-Jones,59762,36026,88019,373274
Collins-Veum,21770,112071,18971,33714
"Romaguera, Willms and Wiegand",65882,119494,186418,148848
Kuphal-Metz,96898,105269,275286,23820
Weimann Inc,60058,113372,295364,254630
Streich-Schowalter,75919,81846,245984,254843
"Jacobson, Mante and Bashirian",88410,75146,266832,208641
"Grimes, Schultz and Stoltenberg",33455,47578,120793,363920
"Monahan, Anderson and Champlin",27036,38081,88367,52153
"Witting, Hoppe and Crooks",10460,99771,280567,142057
"Watsica, Shanahan and Hagenes",82079,178512,190890,61113
"Strosin, Turner and Lemke",60885,6419,28719,206350
Goldner LLC,78723,73764,171442,252963
"Lowe, Hackett and Schumm",50329,15226,177419,307746
Krajcik-Brown,68640,132337,99441,205432
Gulgowski Group,11199,31665,40554,149128
"McGlynn, O'Hara and Ernser",23354,110760,159821,53684
Willms-Boehm,25623,140342,156132,322400
Ratke Inc,32363,178681,220867,279423
"Orn, Dietrich and Keebler",72637,53788,259455,8076
Moore and Sons,19600,176874,158575,300379
"Wunsch, Jerde and Ruecker",73854,120345,31028,83501
"Bauch, Larkin and Kovacek",91866,69001,96183,180386
O'Conner Group,6822,65266,287158,383905
"Rolfson, Torphy and Kihn",27839,193840,277831,271260
Kiehn-Mertz,37929,186749,250407,154366
Kassulke Inc,41377,113912,168075,344301
Schaefer LLC,46353,6049,8649,393020
Waelchi Inc,61409,165601,192958,386552
"Gislason, Kovacek and Jakubowski",30453,178740,201765,284568
"Leannon, Harvey and Leannon",50902,15666,252540,193290
Torp-Yost,61367,49762,192862,287004
Price-Luettgen,91431,134187,234737,230925
Runte-Green,72765,14426,154009,303870
Nader Group,42246,128124,206830,346640
O'Hara-Stamm,29807,125852,206375,198581
Schimmel Inc,62923,62572,127122,182131
"Lebsack, Steuber and Becker",34733,87552,40287,387751
"Jenkins, Greenholt and Harber",77782,99700,262657,349252
Zemlak-Gusikowski,71911,167418,127012,165398
"Goldner, Ferry and Lowe",43862,159074,260793,379823
Zulauf Group,82356,130826,155908,111220
Turner Group,2061,94199,120187,100238
Will and Sons,59455,198947,14610,86863
Hackett-Fritsch,27150,16455,163600,213759
Luettgen Inc,37253,86469,218496,78213
Schmitt Group,39128,87124,86077,30630
Yost and Sons,70468,78481,143113,125512
Greenfelder Group,67256,2598,35886,398262
"Grady, Kuhn and Koch",1529,129771,91033,217346
Schimmel Inc,32769,48541,84774,267757
Nikolaus-Lubowitz,79295,168319,136210,273318
Hand LLC,23982,91071,86276,33592
"Runte, Kuvalis and Prohaska",97543,88400,82920,190247
Watsica and Sons,98376,150924,180006,375111
Parisian-Kunde,56655,58559,52588,389453
Connelly Inc,71025,43286,272040,279342
Conn LLC,70040,164043,171664,256775
"Goodwin, Lang and Willms",92285,153409,229588,65009
Vandervort-Halvorson,80359,11216,221190,205180
Franecki LLC,22159,8495,258737,190582
Effertz-Boehm,59809,103356,144928,399925
Hegmann-Gleason,36805,90393,86861,111845
"Durgan, Marks and Leffler",14693,68169,131389,171010
"Lowe, Toy and Johnston",16142,28357,112021,327272
Watsica-Rolfson,69328,184038,55457,170507
Brakus-Leannon,45164,47413,155354,17696
Rolfson and Sons,60991,130232,14668,389999
Leuschke-Will,70671,36461,41992,121266
Pacocha-Trantow,49995,56470,92281,342758
Cartwright-Ryan,30854,82442,28240,54044
Homenick-Gerlach,99161,178270,40313,395796
Kuhic-Reynolds,69527,196311,119238,333307
Marquardt-Wintheiser,85057,97423,201684,304509
"Doyle, Zemlak and Johnston",19917,32693,143385,122487
Russel Group,84310,57784,181076,138998
"Reinger, Kohler and Watsica",97725,28507,251535,92653
Frami and Sons,66247,45235,10280,262911
Stark-Zemlak,84407,9557,264389,323122
Robel-Wiza,61628,42439,257631,189695
Schaefer LLC,30306,193063,207570,288176
Spinka-Denesik,30755,147599,141213,212919
"Zulauf, Kohler and Blanda",8228,71639,135688,229874
"Barton, Cronin and King",30493,157782,183881,340253
Anderson Inc,51123,5836,254241,322613
"Maggio, Dickens and Quigley",35015,156201,236765,192193
"Rosenbaum, Tremblay and Stehr",14246,95781,78252,11469
Cartwright-Wilderman,39757,189123,63253,70776
Kemmer-Ondricka,29225,118154,285462,385423
Hermann-Will,95200,137976,182195,18812
Kulas and Sons,60161,150299,51542,10760
"Grady, Corkery and Collier",12944,158562,172774,110344
Ebert-Rath,95974,119088,237274,187340
Schamberger-Pagac,36894,72324,240576,230746
Jacobi-Padberg,57519,8868,105294,171351
Konopelski-Bradtke,60147,107687,192137,12304
"Braun, Beier and Roberts",53529,151341,198142,230775
Gibson-O'Hara,76061,195913,106128,24214
Rippin-Zboncak,78370,149166,149890,248840
Legros-Schaefer,47469,46880,23246,55853
Kub Inc,93346,23078,64179,345027
Ebert Group,6774,25936,199579,300992
"Feest, Hane and Walker",16415,69169,168843,218857
Altenwerth-Bernhard,30471,168327,53637,280813
"Stanton, Cronin and Hettinger",32098,171015,65416,205378
Deckow LLC,5686,75652,80831,215956
"Adams, Haag and Gislason",99171,9586,234814,313935
Lehner Inc,67282,76794,83299,208533
Maggio-Russel,70580,154635,62962,183662
Reilly Inc,42555,28279,156785,111822
Rolfson and Sons,65122,117488,186284,174160
"Conn, Kris and Hand",94368,184506,121165,320610
Ryan-Morar,54384,70028,248839,116469
Gutmann and Sons,40708,28714,262212,242401
Veum-Brakus,81368,14401,293468,363472
Quigley Group,68606,90308,256035,280863
Weber-Cartwright,22576,131104,144975,217456
Will LLC,50224,49538,193389,260038
"Howell, Zemlak and Kunde",92092,89839,132011,293023
"Robel, Hammes and Kuhn",52193,2204,284682,161448
Douglas and Sons,51703,151821,72107,280776
"Bartell, Cremin and Marvin",32663,169428,137734,237406
"Kihn, Dicki and Thiel",18394,20122,197334,117187
"Crona, Rohan and Breitenberg",63473,152322,50010,111896
Hammes-Cummerata,49678,122612,176071,264908
Mosciski Group,20261,100797,45389,119042
Ziemann Group,87026,132530,177826,66154
"Roob, Emmerich and Hintz",95698,126605,242200,54497
"Effertz, Kunde and Sanford",58094,115111,261332,292236
"Quitzon, Kohler and Heaney",87626,4087,99816,127299
"Abbott, Bashirian and Schaden",75984,99226,106083,339956
Fay LLC,94274,185213,111410,340687
"Jones, Feest and Russel",65158,114338,279897,320821
