sale_id,car_id,customer_id,purchase_date
10001,14045,3106,"2019-12-27 00:00:00"
10002,72111,4979,"2019-03-26 00:00:00"
10003,15874,4943,"2020-03-07 00:00:00"
10004,59092,3771,"2019-05-14 00:00:00"
10005,71385,679,"2020-08-01 00:00:00"
10006,55767,7732,"2020-01-19 00:00:00"
10007,38833,864,"2020-01-07 00:00:00"
10008,30133,8593,"2019-06-14 00:00:00"
10009,50988,1279,"2020-11-08 00:00:00"
10010,6097,2127,"2019-07-16 00:00:00"
10011,23702,5402,"2020-06-17 00:00:00"
10012,42797,8543,"2019-10-16 00:00:00"
10013,4275,7146,"2019-06-24 00:00:00"
10014,26650,8154,"2020-01-18 00:00:00"
10015,69399,7901,"2019-08-02 00:00:00"
10016,27151,1288,"2019-01-23 00:00:00"
10017,36819,7079,"2020-05-09 00:00:00"
10018,24096,549,"2020-06-11 00:00:00"
10019,42329,1413,"2020-11-18 00:00:00"
10020,35660,7520,"2019-11-13 00:00:00"
10021,33496,2762,"2019-05-03 00:00:00"
10022,68659,8665,"2020-08-27 00:00:00"
10023,17358,8503,"2019-12-06 00:00:00"
10024,16674,6688,"2019-07-02 00:00:00"
10025,39283,7513,"2019-09-10 00:00:00"
10026,20652,1075,"2019-11-08 00:00:00"
10027,28240,7536,"2019-09-28 00:00:00"
10028,17137,4309,"2020-11-04 00:00:00"
10029,32341,5846,"2019-08-19 00:00:00"
10030,18327,141,"2019-12-26 00:00:00"
10031,67761,7745,"2020-08-31 00:00:00"
10032,37596,584,"2019-10-25 00:00:00"
10033,47151,8783,"2020-07-05 00:00:00"
10034,69,1304,"2020-09-26 00:00:00"
10035,50328,1963,"2019-04-27 00:00:00"
10036,41078,8295,"2019-08-08 00:00:00"
10037,54987,5479,"2020-11-21 00:00:00"
10038,12267,1622,"2019-07-21 00:00:00"
10039,36361,8992,"2020-10-08 00:00:00"
10040,53285,8301,"2019-02-22 00:00:00"
10041,55300,3234,"2019-11-19 00:00:00"
10042,42041,1263,"2019-07-31 00:00:00"
10043,45669,6055,"2019-11-09 00:00:00"
10044,52391,3415,"2020-05-19 00:00:00"
10045,56394,287,"2020-09-24 00:00:00"
10046,18896,7828,"2019-11-25 00:00:00"
10047,24289,5291,"2019-10-24 00:00:00"
10048,62274,3262,"2020-05-23 00:00:00"
10049,73497,7244,"2019-05-09 00:00:00"
10050,65199,8304,"2019-06-11 00:00:00"
10051,40823,6603,"2020-02-21 00:00:00"
10052,13291,641,"2019-04-21 00:00:00"
10053,11451,2460,"2020-10-05 00:00:00"
10054,20782,1813,"2020-09-04 00:00:00"
10055,55819,6991,"2019-10-02 00:00:00"
10056,9036,1634,"2020-02-14 00:00:00"
10057,17821,2429,"2020-02-21 00:00:00"
10058,57977,1685,"2019-01-31 00:00:00"
10059,10314,7508,"2019-06-07 00:00:00"
10060,19067,5753,"2019-06-23 00:00:00"
10061,25724,2057,"2020-11-12 00:00:00"
10062,14161,6215,"2020-10-15 00:00:00"
10063,71564,7580,"2020-07-28 00:00:00"
10064,7912,7114,"2019-10-13 00:00:00"
10065,55194,3905,"2020-06-23 00:00:00"
10066,5265,8547,"2020-09-16 00:00:00"
10067,4091,1656,"2019-05-22 00:00:00"
10068,19761,5983,"2020-08-07 00:00:00"
10069,62059,3816,"2019-09-27 00:00:00"
10070,17864,2136,"2020-09-05 00:00:00"
10071,42189,3096,"2019-02-21 00:00:00"
10072,40180,4067,"2020-02-17 00:00:00"
10073,6953,143,"2019-02-28 00:00:00"
10074,23261,6316,"2019-12-08 00:00:00"
10075,22187,1971,"2019-06-19 00:00:00"
10076,10820,5887,"2020-12-05 00:00:00"
10077,68560,7792,"2019-04-02 00:00:00"
10078,16795,8316,"2020-06-10 00:00:00"
10079,27179,5080,"2019-02-10 00:00:00"
10080,9778,5963,"2020-09-05 00:00:00"
10081,16325,4776,"2019-02-02 00:00:00"
10082,73227,8676,"2019-02-13 00:00:00"
10083,45429,2212,"2020-05-17 00:00:00"
10084,48841,5998,"2020-07-29 00:00:00"
10085,31444,6643,"2019-07-11 00:00:00"
10086,6023,4652,"2020-01-09 00:00:00"
10087,32792,4372,"2019-06-24 00:00:00"
10088,62242,7784,"2020-01-28 00:00:00"
10089,56122,7165,"2019-12-18 00:00:00"
10090,53340,7416,"2020-01-03 00:00:00"
10091,54156,744,"2020-06-14 00:00:00"
10092,49471,4035,"2019-04-27 00:00:00"
10093,68080,1697,"2019-02-12 00:00:00"
10094,9291,2405,"2020-06-26 00:00:00"
10095,68723,5541,"2020-05-05 00:00:00"
10096,67328,4472,"2020-06-21 00:00:00"
10097,41367,5023,"2020-03-17 00:00:00"
10098,20177,1685,"2020-06-25 00:00:00"
10099,29452,7378,"2019-01-11 00:00:00"
10100,68755,6825,"2019-09-01 00:00:00"
10101,59618,260,"2020-07-31 00:00:00"
10102,15265,3781,"2019-06-05 00:00:00"
10103,35392,6363,"2019-09-04 00:00:00"
10104,68247,2578,"2019-06-21 00:00:00"
10105,58274,4104,"2019-07-03 00:00:00"
10106,74276,5287,"2020-06-20 00:00:00"
10107,5867,6780,"2020-03-04 00:00:00"
10108,27693,4611,"2020-10-10 00:00:00"
10109,17648,4676,"2020-07-05 00:00:00"
10110,14580,1615,"2019-12-08 00:00:00"
10111,20019,6250,"2020-10-28 00:00:00"
10112,20826,4864,"2019-05-18 00:00:00"
10113,75529,7794,"2019-09-14 00:00:00"
10114,70997,4592,"2020-03-21 00:00:00"
10115,59861,5567,"2019-03-05 00:00:00"
10116,27338,7232,"2020-10-15 00:00:00"
10117,17635,5455,"2020-08-01 00:00:00"
10118,34087,4181,"2019-06-26 00:00:00"
10119,39452,1813,"2019-07-11 00:00:00"
10120,45752,8971,"2019-09-06 00:00:00"
10121,55445,4552,"2020-01-05 00:00:00"
10122,58015,1775,"2019-07-30 00:00:00"
10123,7712,5292,"2019-11-21 00:00:00"
10124,57305,1345,"2019-01-27 00:00:00"
10125,11610,8355,"2020-06-27 00:00:00"
10126,27733,7706,"2020-08-12 00:00:00"
10127,31479,2159,"2019-04-15 00:00:00"
10128,40863,7152,"2020-01-04 00:00:00"
10129,68449,5243,"2020-03-31 00:00:00"
10130,45998,3999,"2020-09-02 00:00:00"
10131,68492,4216,"2020-11-21 00:00:00"
10132,31859,6605,"2019-04-10 00:00:00"
10133,4335,2341,"2020-06-25 00:00:00"
10134,25484,4335,"2019-07-11 00:00:00"
10135,32659,7779,"2020-03-17 00:00:00"
10136,60643,8019,"2019-08-10 00:00:00"
10137,18332,4920,"2020-04-16 00:00:00"
10138,57568,8641,"2019-01-02 00:00:00"
10139,58040,3006,"2019-11-08 00:00:00"
10140,37168,802,"2020-10-24 00:00:00"
10141,19832,8326,"2019-07-31 00:00:00"
10142,48263,682,"2019-06-02 00:00:00"
10143,58816,8201,"2019-02-03 00:00:00"
10144,55919,4335,"2020-03-27 00:00:00"
10145,1233,2302,"2019-11-18 00:00:00"
10146,47096,175,"2019-04-05 00:00:00"
10147,14997,8118,"2019-01-09 00:00:00"
10148,69019,987,"2019-05-11 00:00:00"
10149,48258,7997,"2019-07-09 00:00:00"
10150,57188,3603,"2019-07-17 00:00:00"
10151,26240,4472,"2020-10-25 00:00:00"
10152,39477,3724,"2020-10-28 00:00:00"
10153,14664,1121,"2019-01-19 00:00:00"
10154,21941,6081,"2019-05-15 00:00:00"
10155,68564,7814,"2020-06-12 00:00:00"
10156,57836,3556,"2019-10-18 00:00:00"
10157,25552,7378,"2019-09-13 00:00:00"
10158,29375,1107,"2019-06-22 00:00:00"
10159,66485,3019,"2019-07-01 00:00:00"
10160,37505,7059,"2020-02-18 00:00:00"
10161,58585,83,"2020-03-30 00:00:00"
10162,49767,440,"2019-07-18 00:00:00"
10163,46022,2837,"2020-02-25 00:00:00"
10164,60954,8334,"2020-08-25 00:00:00"
10165,9504,8730,"2020-07-26 00:00:00"
10166,69588,8776,"2020-09-11 00:00:00"
10167,40236,5348,"2020-08-19 00:00:00"
10168,59453,6762,"2020-10-12 00:00:00"
10169,49801,2019,"2019-11-11 00:00:00"
10170,75720,4002,"2020-07-13 00:00:00"
10171,71838,1522,"2019-01-19 00:00:00"
10172,30997,6557,"2020-09-16 00:00:00"
10173,18601,5275,"2020-05-09 00:00:00"
10174,13745,3934,"2019-08-02 00:00:00"
10175,55480,5466,"2020-05-03 00:00:00"
10176,13600,7305,"2019-09-21 00:00:00"
10177,18320,936,"2019-07-07 00:00:00"
10178,22269,763,"2019-03-03 00:00:00"
10179,70133,8457,"2019-02-10 00:00:00"
10180,5155,3594,"2019-03-23 00:00:00"
10181,24323,7059,"2020-07-21 00:00:00"
10182,51430,7313,"2019-04-11 00:00:00"
10183,43923,3996,"2020-07-01 00:00:00"
10184,45423,7837,"2019-07-15 00:00:00"
10185,53461,6616,"2019-05-01 00:00:00"
10186,22427,4390,"2019-06-15 00:00:00"
10187,32753,2759,"2019-05-03 00:00:00"
10188,37719,2154,"2020-02-25 00:00:00"
10189,73692,1824,"2019-04-15 00:00:00"
10190,33856,7846,"2019-01-09 00:00:00"
10191,64252,3361,"2020-05-12 00:00:00"
10192,73727,7939,"2019-11-20 00:00:00"
10193,840,1386,"2019-05-13 00:00:00"
10194,30047,4061,"2020-07-06 00:00:00"
10195,13502,8411,"2020-08-26 00:00:00"
10196,15104,7291,"2019-03-17 00:00:00"
10197,22563,406,"2019-02-23 00:00:00"
10198,56173,3953,"2020-07-02 00:00:00"
10199,15531,4276,"2020-10-19 00:00:00"
10200,39544,7022,"2019-03-02 00:00:00"
10201,16557,7465,"2019-12-28 00:00:00"
10202,54976,2374,"2019-02-26 00:00:00"
10203,12645,1706,"2020-10-31 00:00:00"
10204,66450,1287,"2020-07-01 00:00:00"
10205,31924,7538,"2019-03-28 00:00:00"
10206,13759,4319,"2019-07-24 00:00:00"
10207,34146,6680,"2019-05-20 00:00:00"
10208,50121,4857,"2019-07-29 00:00:00"
10209,50574,57,"2019-11-29 00:00:00"
10210,26896,3758,"2019-03-27 00:00:00"
10211,12012,7307,"2019-02-05 00:00:00"
10212,35739,2482,"2019-08-28 00:00:00"
10213,68136,8864,"2020-08-02 00:00:00"
10214,41315,3852,"2019-04-26 00:00:00"
10215,41988,8195,"2020-11-06 00:00:00"
10216,37907,4101,"2019-04-11 00:00:00"
10217,51764,767,"2019-05-26 00:00:00"
10218,14969,5311,"2020-08-18 00:00:00"
10219,39689,6333,"2020-06-08 00:00:00"
10220,42034,2970,"2019-10-28 00:00:00"
10221,38891,7607,"2020-04-12 00:00:00"
10222,67671,1194,"2020-06-24 00:00:00"
10223,22608,6120,"2019-03-07 00:00:00"
10224,58580,3771,"2020-05-15 00:00:00"
10225,56889,2929,"2019-08-18 00:00:00"
10226,10419,603,"2019-05-31 00:00:00"
10227,28,7434,"2019-06-15 00:00:00"
10228,36006,2616,"2020-07-16 00:00:00"
10229,50530,4258,"2020-04-19 00:00:00"
10230,49513,2078,"2020-03-28 00:00:00"
10231,58808,8466,"2019-11-14 00:00:00"
10232,15378,5232,"2019-08-24 00:00:00"
10233,6628,6013,"2020-04-24 00:00:00"
10234,17218,8515,"2020-11-11 00:00:00"
10235,37825,2772,"2020-04-25 00:00:00"
10236,8271,1462,"2020-09-14 00:00:00"
10237,15648,1044,"2019-12-14 00:00:00"
10238,65497,5452,"2020-10-18 00:00:00"
10239,2368,8813,"2019-08-14 00:00:00"
10240,2481,522,"2019-06-09 00:00:00"
10241,24436,938,"2020-04-05 00:00:00"
10242,5113,3231,"2019-06-23 00:00:00"
10243,26413,5830,"2020-03-29 00:00:00"
10244,22126,3968,"2020-05-13 00:00:00"
10245,62643,6734,"2019-03-09 00:00:00"
10246,65658,8732,"2020-11-14 00:00:00"
10247,35736,1700,"2019-02-11 00:00:00"
10248,71028,2161,"2019-12-10 00:00:00"
10249,41472,3989,"2020-11-20 00:00:00"
10250,70480,405,"2020-10-07 00:00:00"
10251,12835,7755,"2020-01-31 00:00:00"
10252,32650,7579,"2020-03-10 00:00:00"
10253,44073,3374,"2019-12-20 00:00:00"
10254,67259,4418,"2019-05-13 00:00:00"
10255,63380,967,"2019-07-23 00:00:00"
10256,46136,6426,"2020-02-12 00:00:00"
10257,48375,6787,"2019-01-14 00:00:00"
10258,54273,7760,"2020-09-19 00:00:00"
10259,61551,2345,"2020-02-29 00:00:00"
10260,55753,8098,"2019-04-30 00:00:00"
10261,61731,6415,"2020-08-16 00:00:00"
10262,5700,6628,"2019-05-24 00:00:00"
10263,3798,7455,"2019-05-23 00:00:00"
10264,10427,7750,"2019-09-18 00:00:00"
10265,33892,1982,"2020-03-26 00:00:00"
10266,32070,4698,"2019-03-17 00:00:00"
10267,6654,3217,"2019-03-13 00:00:00"
10268,898,8589,"2020-06-09 00:00:00"
10269,72410,3231,"2019-08-14 00:00:00"
10270,63967,8106,"2020-05-01 00:00:00"
10271,35915,6060,"2020-08-08 00:00:00"
10272,27776,2013,"2020-05-02 00:00:00"
10273,66951,1017,"2020-04-04 00:00:00"
10274,24574,7902,"2019-12-29 00:00:00"
10275,4087,2483,"2020-11-09 00:00:00"
10276,21360,7046,"2019-08-01 00:00:00"
10277,68335,6331,"2019-02-18 00:00:00"
10278,5558,8164,"2020-04-09 00:00:00"
10279,5586,6516,"2019-12-16 00:00:00"
10280,53286,3338,"2019-09-02 00:00:00"
10281,17401,2187,"2019-06-08 00:00:00"
10282,27873,755,"2020-08-28 00:00:00"
10283,15842,7435,"2019-02-21 00:00:00"
10284,20205,3238,"2019-09-14 00:00:00"
10285,58366,2662,"2020-10-17 00:00:00"
10286,1377,7548,"2019-10-03 00:00:00"
10287,31158,8745,"2020-08-30 00:00:00"
10288,66900,1367,"2019-01-23 00:00:00"
10289,26183,5306,"2019-07-08 00:00:00"
10290,12625,403,"2019-08-11 00:00:00"
10291,38029,6822,"2019-06-20 00:00:00"
10292,9603,3388,"2019-12-02 00:00:00"
10293,37285,7463,"2019-01-21 00:00:00"
10294,5418,8810,"2019-03-24 00:00:00"
10295,43047,8790,"2019-08-09 00:00:00"
10296,5117,7108,"2020-02-23 00:00:00"
10297,20302,806,"2020-07-27 00:00:00"
10298,330,3087,"2019-12-25 00:00:00"
10299,8155,8683,"2020-07-30 00:00:00"
10300,51234,3849,"2019-01-26 00:00:00"
10301,61508,5471,"2019-04-03 00:00:00"
10302,54739,8047,"2019-06-28 00:00:00"
10303,26260,8885,"2019-02-15 00:00:00"
10304,50789,3706,"2020-08-05 00:00:00"
10305,65050,1021,"2019-05-29 00:00:00"
10306,33162,1481,"2020-03-27 00:00:00"
10307,38003,1154,"2019-06-16 00:00:00"
10308,8292,5430,"2020-06-17 00:00:00"
10309,70212,4437,"2019-05-03 00:00:00"
10310,8951,3539,"2020-04-11 00:00:00"
10311,43588,5630,"2020-01-04 00:00:00"
10312,74330,6909,"2019-07-27 00:00:00"
10313,74042,7325,"2020-08-29 00:00:00"
10314,39123,3347,"2019-08-31 00:00:00"
10315,56283,5156,"2020-08-10 00:00:00"
10316,16453,613,"2020-10-24 00:00:00"
10317,56193,7983,"2019-09-11 00:00:00"
10318,36286,1549,"2019-03-06 00:00:00"
10319,10161,447,"2020-03-19 00:00:00"
10320,36451,3540,"2020-10-12 00:00:00"
10321,48244,3397,"2019-06-14 00:00:00"
10322,35783,147,"2019-01-03 00:00:00"
10323,31458,8571,"2019-06-11 00:00:00"
10324,31332,246,"2020-04-21 00:00:00"
10325,2441,3865,"2019-09-26 00:00:00"
10326,17410,3734,"2020-05-22 00:00:00"
10327,53987,1880,"2019-11-05 00:00:00"
10328,72769,1134,"2019-06-30 00:00:00"
10329,67099,4812,"2019-09-25 00:00:00"
10330,24522,4942,"2019-10-14 00:00:00"
10331,6699,1810,"2019-01-27 00:00:00"
10332,54735,2709,"2019-03-25 00:00:00"
10333,21587,5275,"2019-12-07 00:00:00"
10334,67447,1373,"2019-05-01 00:00:00"
10335,24956,6993,"2020-07-06 00:00:00"
10336,41558,5390,"2019-08-09 00:00:00"
10337,24860,8155,"2019-03-19 00:00:00"
10338,11241,8206,"2019-03-28 00:00:00"
10339,16449,279,"2019-04-04 00:00:00"
10340,40164,8183,"2019-12-26 00:00:00"
10341,73598,8010,"2020-02-01 00:00:00"
10342,28088,1461,"2019-02-06 00:00:00"
10343,27629,2491,"2019-08-08 00:00:00"
10344,31739,739,"2020-02-13 00:00:00"
10345,42847,316,"2019-06-17 00:00:00"
10346,20956,2376,"2019-05-22 00:00:00"
10347,9192,4109,"2019-12-16 00:00:00"
10348,41976,1376,"2019-12-16 00:00:00"
10349,47457,6256,"2020-06-14 00:00:00"
10350,66016,1498,"2020-06-25 00:00:00"
10351,49685,4682,"2020-05-27 00:00:00"
10352,27725,3554,"2020-09-06 00:00:00"
10353,32779,3025,"2020-08-12 00:00:00"
10354,19720,619,"2019-01-24 00:00:00"
10355,48073,3218,"2019-04-21 00:00:00"
10356,43505,6042,"2019-03-12 00:00:00"
10357,74146,3418,"2019-10-25 00:00:00"
10358,474,5461,"2020-11-16 00:00:00"
10359,60050,2787,"2019-04-07 00:00:00"
10360,34465,7840,"2019-08-29 00:00:00"
10361,14422,8344,"2019-02-24 00:00:00"
10362,2895,1468,"2020-11-18 00:00:00"
10363,25228,1136,"2020-10-18 00:00:00"
10364,55101,6684,"2020-09-09 00:00:00"
10365,36422,6773,"2020-11-23 00:00:00"
10366,33709,3467,"2019-10-04 00:00:00"
10367,71219,5938,"2019-09-13 00:00:00"
10368,32356,6630,"2019-10-04 00:00:00"
10369,31165,1973,"2019-10-01 00:00:00"
10370,24189,3212,"2019-01-26 00:00:00"
10371,54861,7982,"2020-06-06 00:00:00"
10372,15377,8695,"2019-11-05 00:00:00"
10373,7120,4883,"2020-10-23 00:00:00"
10374,72607,8975,"2019-12-08 00:00:00"
10375,685,1765,"2019-08-28 00:00:00"
10376,32359,5655,"2020-06-21 00:00:00"
10377,55340,3626,"2020-06-07 00:00:00"
10378,42747,922,"2020-02-07 00:00:00"
10379,35031,5074,"2019-10-08 00:00:00"
10380,54967,5964,"2020-07-22 00:00:00"
10381,64597,8272,"2019-05-28 00:00:00"
10382,6625,1673,"2020-12-01 00:00:00"
10383,21860,4312,"2020-01-20 00:00:00"
10384,58645,5973,"2020-07-08 00:00:00"
10385,26291,5288,"2019-01-13 00:00:00"
10386,75200,292,"2020-11-19 00:00:00"
10387,58336,5185,"2019-05-14 00:00:00"
10388,68771,3079,"2019-11-03 00:00:00"
10389,29162,2778,"2019-05-08 00:00:00"
10390,17625,8793,"2019-08-20 00:00:00"
10391,7139,5461,"2020-03-10 00:00:00"
10392,10612,1000,"2020-10-08 00:00:00"
10393,73314,4738,"2019-11-28 00:00:00"
10394,48044,7723,"2020-01-12 00:00:00"
10395,35379,4816,"2020-07-12 00:00:00"
10396,17572,7584,"2020-06-30 00:00:00"
10397,8847,1689,"2019-07-06 00:00:00"
10398,69341,5514,"2020-06-14 00:00:00"
10399,38578,4751,"2020-11-02 00:00:00"
10400,47275,4300,"2019-04-06 00:00:00"
10401,75785,1532,"2020-04-06 00:00:00"
10402,58324,2325,"2019-01-10 00:00:00"
10403,38059,2983,"2019-08-10 00:00:00"
10404,52761,1135,"2019-08-10 00:00:00"
10405,74678,4755,"2019-02-14 00:00:00"
10406,69320,1737,"2019-08-26 00:00:00"
10407,60930,758,"2020-05-03 00:00:00"
10408,55495,4628,"2020-02-25 00:00:00"
10409,12117,3282,"2020-11-09 00:00:00"
10410,43350,5945,"2019-12-08 00:00:00"
10411,23750,5094,"2020-01-28 00:00:00"
10412,69622,7088,"2019-06-24 00:00:00"
10413,25964,3711,"2020-05-05 00:00:00"
10414,48022,6302,"2019-11-15 00:00:00"
10415,15123,6660,"2020-11-17 00:00:00"
10416,19270,6836,"2020-01-03 00:00:00"
10417,72675,7673,"2019-12-28 00:00:00"
10418,39167,2887,"2019-01-07 00:00:00"
10419,51770,860,"2020-08-30 00:00:00"
10420,50476,217,"2019-09-01 00:00:00"
10421,72042,2071,"2020-08-30 00:00:00"
10422,48808,263,"2020-01-10 00:00:00"
10423,34979,587,"2019-06-30 00:00:00"
10424,31378,2285,"2019-09-28 00:00:00"
10425,21553,4334,"2019-02-19 00:00:00"
10426,7949,7812,"2019-03-04 00:00:00"
10427,66907,8144,"2019-06-08 00:00:00"
10428,59222,8432,"2020-03-19 00:00:00"
10429,7449,209,"2019-06-06 00:00:00"
10430,14379,8525,"2019-05-11 00:00:00"
10431,21671,3942,"2020-02-12 00:00:00"
10432,18467,6469,"2020-07-27 00:00:00"
10433,6106,7736,"2020-05-15 00:00:00"
10434,67838,1435,"2019-11-25 00:00:00"
10435,66066,8159,"2019-12-05 00:00:00"
10436,63421,5341,"2019-04-03 00:00:00"
10437,12826,5711,"2019-12-27 00:00:00"
10438,18968,3568,"2019-06-11 00:00:00"
10439,3021,5086,"2020-03-24 00:00:00"
10440,28878,5812,"2020-02-01 00:00:00"
10441,21517,7714,"2020-05-14 00:00:00"
10442,27393,6802,"2019-09-27 00:00:00"
10443,41251,8946,"2019-03-19 00:00:00"
10444,17010,7377,"2020-09-16 00:00:00"
10445,24724,3693,"2020-06-23 00:00:00"
10446,753,4101,"2019-06-19 00:00:00"
10447,69864,7725,"2020-08-09 00:00:00"
10448,11528,1312,"2019-09-06 00:00:00"
10449,75271,4462,"2019-06-27 00:00:00"
10450,6554,8483,"2019-06-20 00:00:00"
10451,13430,4546,"2020-10-31 00:00:00"
10452,28898,3790,"2020-03-11 00:00:00"
10453,22998,3681,"2020-02-25 00:00:00"
10454,67726,3889,"2020-09-28 00:00:00"
10455,27309,8721,"2019-07-15 00:00:00"
10456,52216,669,"2019-04-10 00:00:00"
10457,37750,1664,"2019-03-09 00:00:00"
10458,8980,5016,"2019-08-12 00:00:00"
10459,38909,4457,"2020-10-14 00:00:00"
10460,55229,6237,"2019-10-05 00:00:00"
10461,39618,8030,"2020-11-18 00:00:00"
10462,61781,7215,"2019-10-17 00:00:00"
10463,21881,8433,"2020-02-27 00:00:00"
10464,37484,8097,"2019-11-22 00:00:00"
10465,31612,807,"2019-04-08 00:00:00"
10466,69607,136,"2020-09-21 00:00:00"
10467,28519,285,"2019-05-28 00:00:00"
10468,48383,8027,"2020-06-04 00:00:00"
10469,33660,4610,"2019-06-03 00:00:00"
10470,16014,7694,"2020-06-09 00:00:00"
10471,32609,5327,"2019-05-15 00:00:00"
10472,44229,6016,"2020-06-13 00:00:00"
10473,23316,621,"2019-01-15 00:00:00"
10474,5062,261,"2020-09-26 00:00:00"
10475,20089,2767,"2019-09-01 00:00:00"
10476,37346,8207,"2019-10-21 00:00:00"
10477,70515,3466,"2020-11-22 00:00:00"
10478,37136,5896,"2019-07-25 00:00:00"
10479,5639,294,"2019-12-31 00:00:00"
10480,41297,3485,"2020-10-23 00:00:00"
10481,47090,423,"2020-05-26 00:00:00"
10482,36166,2746,"2020-02-18 00:00:00"
10483,70419,3499,"2019-02-25 00:00:00"
10484,41860,5345,"2020-09-11 00:00:00"
10485,31705,4420,"2019-02-03 00:00:00"
10486,34070,303,"2020-11-26 00:00:00"
10487,58997,6952,"2020-02-24 00:00:00"
10488,292,6561,"2019-07-19 00:00:00"
10489,21579,6644,"2019-03-01 00:00:00"
10490,2100,4402,"2020-03-03 00:00:00"
10491,68123,1265,"2020-01-21 00:00:00"
10492,53249,5480,"2020-07-08 00:00:00"
10493,1981,3536,"2019-02-07 00:00:00"
10494,32932,2114,"2019-03-09 00:00:00"
10495,384,5084,"2020-03-24 00:00:00"
10496,18566,5045,"2020-12-01 00:00:00"
10497,32898,1300,"2019-08-25 00:00:00"
10498,52725,5585,"2020-11-19 00:00:00"
10499,20732,2564,"2020-08-15 00:00:00"
10500,37576,1977,"2019-11-02 00:00:00"
10501,33831,5043,"2020-08-10 00:00:00"
10502,30882,7199,"2020-10-13 00:00:00"
10503,50154,3848,"2019-03-26 00:00:00"
10504,1731,8331,"2019-12-19 00:00:00"
10505,22621,3560,"2020-03-18 00:00:00"
10506,73226,3573,"2020-05-23 00:00:00"
10507,15606,5111,"2020-09-27 00:00:00"
10508,58675,5768,"2019-11-17 00:00:00"
10509,5691,1572,"2019-02-04 00:00:00"
10510,74622,6205,"2019-08-24 00:00:00"
10511,10973,3589,"2020-08-02 00:00:00"
10512,6180,8328,"2019-02-13 00:00:00"
10513,72016,7620,"2019-02-28 00:00:00"
10514,23389,5907,"2019-11-28 00:00:00"
10515,31090,4845,"2019-11-19 00:00:00"
10516,56892,3609,"2019-07-19 00:00:00"
10517,3912,6741,"2019-08-10 00:00:00"
10518,32430,3680,"2019-01-22 00:00:00"
10519,27511,1130,"2020-09-14 00:00:00"
10520,10259,6068,"2019-03-14 00:00:00"
10521,70505,5273,"2020-07-31 00:00:00"
10522,30125,3798,"2020-09-22 00:00:00"
10523,46154,6346,"2020-05-21 00:00:00"
10524,31519,497,"2019-02-20 00:00:00"
10525,3865,8146,"2020-03-15 00:00:00"
10526,5164,6524,"2020-08-28 00:00:00"
10527,17086,3702,"2020-04-21 00:00:00"
10528,73974,7995,"2020-02-15 00:00:00"
10529,13042,7376,"2019-02-24 00:00:00"
10530,62932,6404,"2019-11-12 00:00:00"
10531,74705,3316,"2020-02-27 00:00:00"
10532,10472,532,"2020-07-28 00:00:00"
10533,72279,1947,"2020-06-01 00:00:00"
10534,3284,6809,"2019-10-17 00:00:00"
10535,9710,1005,"2020-02-11 00:00:00"
10536,21460,6155,"2020-04-16 00:00:00"
10537,51334,5955,"2019-11-25 00:00:00"
10538,73667,4313,"2020-01-23 00:00:00"
10539,21509,1196,"2019-04-12 00:00:00"
10540,38439,2794,"2020-03-20 00:00:00"
10541,32153,5463,"2019-07-04 00:00:00"
10542,36804,1657,"2019-03-01 00:00:00"
10543,60301,6972,"2020-05-31 00:00:00"
10544,47652,4154,"2020-12-03 00:00:00"
10545,54311,1614,"2019-01-04 00:00:00"
10546,53543,4032,"2020-10-14 00:00:00"
10547,11321,435,"2019-04-29 00:00:00"
10548,59506,3313,"2019-04-21 00:00:00"
10549,60330,927,"2019-10-09 00:00:00"
10550,23237,8448,"2019-06-09 00:00:00"
10551,29,7188,"2019-12-01 00:00:00"
10552,57968,5081,"2020-08-04 00:00:00"
10553,60448,4498,"2019-04-16 00:00:00"
10554,20372,4873,"2019-11-01 00:00:00"
10555,18413,6468,"2020-09-26 00:00:00"
10556,62510,5305,"2019-07-27 00:00:00"
10557,64087,7591,"2019-12-01 00:00:00"
10558,24449,2495,"2019-04-10 00:00:00"
10559,15506,3256,"2020-06-26 00:00:00"
10560,2957,981,"2020-06-25 00:00:00"
10561,35815,7511,"2020-08-01 00:00:00"
10562,50761,2915,"2019-09-21 00:00:00"
10563,23467,7608,"2019-11-27 00:00:00"
10564,15026,6591,"2019-06-23 00:00:00"
10565,61269,859,"2020-07-26 00:00:00"
10566,30737,1290,"2019-08-03 00:00:00"
10567,22543,7216,"2020-09-28 00:00:00"
10568,54514,2959,"2019-03-06 00:00:00"
10569,60706,6254,"2020-05-24 00:00:00"
10570,68522,2432,"2019-02-24 00:00:00"
10571,14753,2381,"2019-02-25 00:00:00"
10572,2591,1874,"2020-08-11 00:00:00"
10573,30677,1308,"2019-05-22 00:00:00"
10574,29304,414,"2019-04-20 00:00:00"
10575,54952,4697,"2020-05-09 00:00:00"
10576,59878,8840,"2019-12-28 00:00:00"
10577,62885,8376,"2020-08-13 00:00:00"
10578,11293,29,"2019-04-06 00:00:00"
10579,48703,5485,"2019-11-16 00:00:00"
10580,74053,5517,"2020-02-28 00:00:00"
10581,4998,8593,"2020-11-25 00:00:00"
10582,49021,6230,"2019-06-25 00:00:00"
10583,34336,7130,"2020-05-03 00:00:00"
10584,15005,3196,"2020-06-15 00:00:00"
10585,56919,347,"2019-11-03 00:00:00"
10586,3823,431,"2019-12-22 00:00:00"
10587,63022,5049,"2019-02-12 00:00:00"
10588,40244,8165,"2020-10-08 00:00:00"
10589,43188,8672,"2020-09-04 00:00:00"
10590,32940,8932,"2020-05-12 00:00:00"
10591,1293,6964,"2019-05-01 00:00:00"
10592,20964,2243,"2020-11-27 00:00:00"
10593,68983,949,"2020-09-28 00:00:00"
10594,18695,8126,"2020-10-12 00:00:00"
10595,60078,5959,"2019-09-11 00:00:00"
10596,46400,7985,"2020-01-20 00:00:00"
10597,58240,6664,"2020-04-27 00:00:00"
10598,41100,223,"2020-04-16 00:00:00"
10599,58078,1407,"2020-03-10 00:00:00"
10600,25268,2702,"2019-10-25 00:00:00"
10601,62325,488,"2019-06-27 00:00:00"
10602,3824,1166,"2019-02-15 00:00:00"
10603,62919,4717,"2019-01-09 00:00:00"
10604,63642,3979,"2019-11-06 00:00:00"
10605,68349,4109,"2020-03-25 00:00:00"
10606,46285,7178,"2019-07-18 00:00:00"
10607,58696,2354,"2020-10-15 00:00:00"
10608,3433,5674,"2020-03-17 00:00:00"
10609,17073,2705,"2019-06-11 00:00:00"
10610,21251,3590,"2020-08-10 00:00:00"
10611,54290,123,"2020-09-13 00:00:00"
10612,13382,7259,"2020-08-09 00:00:00"
10613,56016,4877,"2020-04-02 00:00:00"
10614,22259,1482,"2019-12-24 00:00:00"
10615,16956,6671,"2019-04-16 00:00:00"
10616,7117,8562,"2019-07-23 00:00:00"
10617,49898,4552,"2019-04-01 00:00:00"
10618,17294,5287,"2019-08-24 00:00:00"
10619,1165,7235,"2020-11-24 00:00:00"
10620,6161,326,"2019-05-01 00:00:00"
10621,17628,4364,"2020-06-11 00:00:00"
10622,22296,1816,"2020-03-17 00:00:00"
10623,15560,8861,"2019-03-30 00:00:00"
10624,13828,4257,"2020-09-04 00:00:00"
10625,40653,4823,"2019-11-28 00:00:00"
10626,11896,130,"2020-04-28 00:00:00"
10627,42946,4576,"2019-02-26 00:00:00"
10628,8287,7840,"2019-09-13 00:00:00"
10629,36152,278,"2019-04-16 00:00:00"
10630,75024,8698,"2020-01-23 00:00:00"
10631,22224,4376,"2019-04-02 00:00:00"
10632,43264,6810,"2019-06-14 00:00:00"
10633,73657,6749,"2019-04-16 00:00:00"
10634,9162,8026,"2020-10-27 00:00:00"
10635,26574,5806,"2019-04-12 00:00:00"
10636,73127,7346,"2020-10-25 00:00:00"
10637,25281,5829,"2020-05-25 00:00:00"
10638,12328,770,"2020-07-13 00:00:00"
10639,32717,7631,"2020-02-29 00:00:00"
10640,18904,772,"2020-08-29 00:00:00"
10641,59922,5258,"2020-06-13 00:00:00"
10642,371,8380,"2020-05-01 00:00:00"
10643,32603,4862,"2020-09-23 00:00:00"
10644,59931,5583,"2019-02-24 00:00:00"
10645,1277,1824,"2020-11-25 00:00:00"
10646,16797,5708,"2020-09-05 00:00:00"
10647,31083,8451,"2019-03-11 00:00:00"
10648,60154,4781,"2019-09-04 00:00:00"
10649,25321,5025,"2020-06-22 00:00:00"
10650,19135,654,"2020-01-25 00:00:00"
10651,543,6809,"2020-08-21 00:00:00"
10652,56783,7463,"2019-08-09 00:00:00"
10653,38801,2713,"2019-01-06 00:00:00"
10654,42127,2040,"2019-08-27 00:00:00"
10655,42224,1004,"2020-09-13 00:00:00"
10656,18002,8736,"2019-06-10 00:00:00"
10657,56760,6519,"2019-05-11 00:00:00"
10658,28890,1495,"2019-11-03 00:00:00"
10659,25611,8724,"2019-06-16 00:00:00"
10660,1371,2382,"2020-08-17 00:00:00"
10661,95,2222,"2019-05-05 00:00:00"
10662,52853,7532,"2019-03-03 00:00:00"
10663,45976,1326,"2020-09-11 00:00:00"
10664,62737,5762,"2019-04-23 00:00:00"
10665,43909,271,"2020-02-07 00:00:00"
10666,24022,1810,"2019-06-18 00:00:00"
10667,19203,4460,"2020-02-12 00:00:00"
10668,17629,5312,"2020-06-16 00:00:00"
10669,64428,2490,"2019-04-30 00:00:00"
10670,52685,7147,"2020-09-03 00:00:00"
10671,65088,4055,"2019-06-29 00:00:00"
10672,3,3919,"2020-02-01 00:00:00"
10673,27779,678,"2019-05-04 00:00:00"
10674,45886,8667,"2020-02-25 00:00:00"
10675,39660,1835,"2019-11-11 00:00:00"
10676,35195,4174,"2019-04-21 00:00:00"
10677,35069,7890,"2020-06-21 00:00:00"
10678,24889,4362,"2019-09-28 00:00:00"
10679,9992,3236,"2019-06-18 00:00:00"
10680,7482,953,"2019-07-12 00:00:00"
10681,34170,2750,"2019-01-08 00:00:00"
10682,62173,8566,"2019-07-17 00:00:00"
10683,63803,5898,"2020-01-15 00:00:00"
10684,62,4320,"2020-02-15 00:00:00"
10685,23074,2040,"2020-02-08 00:00:00"
10686,67319,760,"2020-01-22 00:00:00"
10687,39285,774,"2019-10-26 00:00:00"
10688,50439,6186,"2019-09-20 00:00:00"
10689,36775,2458,"2019-08-10 00:00:00"
10690,16495,6329,"2019-11-05 00:00:00"
10691,75847,6798,"2019-10-16 00:00:00"
10692,67367,1517,"2019-11-28 00:00:00"
10693,18289,3398,"2019-03-29 00:00:00"
10694,1485,4606,"2019-09-29 00:00:00"
10695,74091,6056,"2019-01-19 00:00:00"
10696,3004,6648,"2020-03-14 00:00:00"
10697,12429,1629,"2020-10-29 00:00:00"
10698,25538,8010,"2020-08-13 00:00:00"
10699,4854,8608,"2020-02-21 00:00:00"
10700,9703,2993,"2020-03-11 00:00:00"
10701,32684,3496,"2019-03-23 00:00:00"
10702,9489,1689,"2020-05-20 00:00:00"
10703,32110,7011,"2020-02-29 00:00:00"
10704,34467,5972,"2020-09-30 00:00:00"
10705,67700,8515,"2020-07-31 00:00:00"
10706,39843,8278,"2020-06-24 00:00:00"
10707,588,6070,"2020-04-10 00:00:00"
10708,51482,4175,"2019-03-04 00:00:00"
10709,14197,6387,"2019-07-01 00:00:00"
10710,9770,183,"2020-11-30 00:00:00"
10711,75293,1489,"2020-10-06 00:00:00"
10712,62050,763,"2019-06-06 00:00:00"
10713,40061,1919,"2020-01-25 00:00:00"
10714,56686,2551,"2020-03-11 00:00:00"
10715,1069,1806,"2020-07-20 00:00:00"
10716,57440,5269,"2020-05-02 00:00:00"
10717,64477,526,"2020-04-04 00:00:00"
10718,23645,4696,"2019-01-23 00:00:00"
10719,66122,5764,"2019-09-17 00:00:00"
10720,43774,4852,"2020-11-03 00:00:00"
10721,63384,2411,"2020-09-21 00:00:00"
10722,13270,1672,"2019-06-08 00:00:00"
10723,54567,8002,"2020-06-14 00:00:00"
10724,861,8711,"2020-04-22 00:00:00"
10725,61752,8306,"2019-07-11 00:00:00"
10726,19695,2623,"2020-10-05 00:00:00"
10727,7624,6139,"2019-06-06 00:00:00"
10728,19918,7884,"2019-01-14 00:00:00"
10729,42392,5534,"2020-06-05 00:00:00"
10730,25039,66,"2020-04-08 00:00:00"
10731,9049,6314,"2019-04-04 00:00:00"
10732,41579,8573,"2020-01-23 00:00:00"
10733,54519,260,"2019-07-31 00:00:00"
10734,68929,6613,"2020-06-21 00:00:00"
10735,54237,1656,"2019-09-15 00:00:00"
10736,30094,3710,"2020-09-17 00:00:00"
10737,48366,2261,"2020-04-20 00:00:00"
10738,70987,4439,"2019-06-29 00:00:00"
10739,18265,3169,"2020-07-29 00:00:00"
10740,75476,8557,"2019-10-26 00:00:00"
10741,72997,6264,"2020-09-10 00:00:00"
10742,69377,3626,"2020-08-30 00:00:00"
10743,57473,5770,"2019-06-07 00:00:00"
10744,21064,8281,"2020-04-27 00:00:00"
10745,30266,8415,"2019-01-15 00:00:00"
10746,57988,7591,"2020-04-10 00:00:00"
10747,29741,1791,"2020-01-14 00:00:00"
10748,9531,538,"2020-09-23 00:00:00"
10749,40522,7774,"2020-04-20 00:00:00"
10750,47975,2052,"2020-06-02 00:00:00"
10751,57531,4328,"2020-09-16 00:00:00"
10752,2170,167,"2019-04-27 00:00:00"
10753,18646,6737,"2020-03-21 00:00:00"
10754,14887,8239,"2020-05-24 00:00:00"
10755,10325,6473,"2020-05-28 00:00:00"
10756,41588,890,"2019-09-27 00:00:00"
10757,16115,365,"2019-09-10 00:00:00"
10758,9840,5620,"2019-06-04 00:00:00"
10759,14964,1881,"2019-03-30 00:00:00"
10760,57586,3944,"2020-07-21 00:00:00"
10761,55049,2151,"2020-03-25 00:00:00"
10762,9095,8285,"2020-11-11 00:00:00"
10763,41907,5512,"2019-09-18 00:00:00"
10764,46130,1141,"2020-11-11 00:00:00"
10765,9630,4710,"2019-06-14 00:00:00"
10766,26677,834,"2019-07-19 00:00:00"
10767,64112,176,"2019-03-12 00:00:00"
10768,18579,3209,"2020-02-10 00:00:00"
10769,29698,7058,"2020-07-25 00:00:00"
10770,6240,5777,"2019-02-28 00:00:00"
10771,45920,8778,"2020-01-07 00:00:00"
10772,47407,2011,"2019-11-19 00:00:00"
10773,53084,8936,"2019-12-20 00:00:00"
10774,11591,5087,"2019-12-29 00:00:00"
10775,4176,774,"2020-04-01 00:00:00"
10776,17970,8989,"2020-04-18 00:00:00"
10777,4589,1335,"2019-07-28 00:00:00"
10778,21245,5892,"2020-11-13 00:00:00"
10779,63959,826,"2019-06-13 00:00:00"
10780,10654,1381,"2020-07-01 00:00:00"
10781,65860,720,"2020-04-29 00:00:00"
10782,70422,795,"2019-04-23 00:00:00"
10783,33447,1762,"2019-01-19 00:00:00"
10784,11758,3660,"2019-04-29 00:00:00"
10785,26781,7213,"2020-01-03 00:00:00"
10786,30395,4714,"2019-08-24 00:00:00"
10787,12402,28,"2020-07-18 00:00:00"
10788,73731,8809,"2019-05-15 00:00:00"
10789,37908,6794,"2020-06-29 00:00:00"
10790,31200,7514,"2020-09-24 00:00:00"
10791,64723,4548,"2020-11-30 00:00:00"
10792,43134,99,"2020-06-20 00:00:00"
10793,30560,7556,"2019-11-28 00:00:00"
10794,34616,5169,"2020-04-19 00:00:00"
10795,45900,2299,"2020-07-30 00:00:00"
10796,74721,653,"2020-01-02 00:00:00"
10797,3878,3246,"2020-04-04 00:00:00"
10798,64648,682,"2020-03-28 00:00:00"
10799,39935,8791,"2020-05-22 00:00:00"
10800,11319,5857,"2020-11-08 00:00:00"
10801,35130,2496,"2019-12-28 00:00:00"
10802,35017,7380,"2020-06-22 00:00:00"
10803,1265,756,"2019-09-17 00:00:00"
10804,66774,5247,"2020-06-13 00:00:00"
10805,10625,8143,"2020-09-24 00:00:00"
10806,73961,6239,"2019-10-27 00:00:00"
10807,38279,6244,"2020-08-11 00:00:00"
10808,62326,2419,"2020-05-21 00:00:00"
10809,21827,8256,"2019-06-23 00:00:00"
10810,47833,8442,"2020-05-16 00:00:00"
10811,70296,3730,"2019-09-28 00:00:00"
10812,44617,6452,"2019-01-09 00:00:00"
10813,60181,6120,"2020-05-31 00:00:00"
10814,50808,3160,"2019-10-20 00:00:00"
10815,31305,3826,"2020-06-20 00:00:00"
10816,59681,4442,"2019-08-03 00:00:00"
10817,67365,1838,"2019-12-19 00:00:00"
10818,51556,2641,"2020-01-04 00:00:00"
10819,55889,6024,"2019-09-11 00:00:00"
10820,19662,3746,"2020-05-16 00:00:00"
10821,69391,6887,"2019-03-24 00:00:00"
10822,13442,3144,"2019-12-06 00:00:00"
10823,20827,721,"2019-10-02 00:00:00"
10824,36717,5868,"2019-05-05 00:00:00"
10825,31808,6785,"2020-01-16 00:00:00"
10826,3394,2386,"2020-12-07 00:00:00"
10827,14424,4087,"2020-06-25 00:00:00"
10828,26534,2228,"2019-12-31 00:00:00"
10829,27844,2957,"2020-05-09 00:00:00"
10830,20721,1979,"2020-02-25 00:00:00"
10831,2932,8406,"2019-07-22 00:00:00"
10832,65185,5693,"2019-04-08 00:00:00"
10833,21603,5078,"2019-10-17 00:00:00"
10834,27056,3698,"2020-01-03 00:00:00"
10835,40979,8368,"2019-10-20 00:00:00"
10836,3889,8632,"2020-10-11 00:00:00"
10837,37840,1972,"2020-12-07 00:00:00"
10838,40608,2789,"2019-12-07 00:00:00"
10839,19981,6306,"2019-12-25 00:00:00"
10840,25454,2382,"2019-01-15 00:00:00"
10841,30374,2901,"2019-03-19 00:00:00"
10842,48433,780,"2020-10-04 00:00:00"
10843,4555,1895,"2019-07-12 00:00:00"
10844,55008,1448,"2019-06-16 00:00:00"
10845,21959,1662,"2020-08-17 00:00:00"
10846,30271,4125,"2019-10-19 00:00:00"
10847,73782,1039,"2019-09-06 00:00:00"
10848,62947,4327,"2020-07-22 00:00:00"
10849,28145,1629,"2020-11-04 00:00:00"
10850,16675,6480,"2020-07-04 00:00:00"
10851,65328,4584,"2019-04-04 00:00:00"
10852,31391,3654,"2019-04-08 00:00:00"
10853,34274,2893,"2020-09-29 00:00:00"
10854,16905,986,"2020-09-16 00:00:00"
10855,70756,5222,"2020-08-06 00:00:00"
10856,53076,332,"2019-09-04 00:00:00"
10857,2634,6017,"2020-03-18 00:00:00"
10858,15359,5638,"2020-02-17 00:00:00"
10859,10436,648,"2019-08-07 00:00:00"
10860,58358,8408,"2020-01-28 00:00:00"
10861,52972,7107,"2020-07-31 00:00:00"
10862,61439,2484,"2019-09-02 00:00:00"
10863,58913,5052,"2020-04-05 00:00:00"
10864,70274,4267,"2019-02-20 00:00:00"
10865,21108,2204,"2020-04-29 00:00:00"
10866,6651,5653,"2019-04-03 00:00:00"
10867,57061,6104,"2019-10-03 00:00:00"
10868,43631,7133,"2019-02-09 00:00:00"
10869,37634,1498,"2019-04-11 00:00:00"
10870,20653,4493,"2020-11-14 00:00:00"
10871,63885,3132,"2020-03-21 00:00:00"
10872,59152,4389,"2020-06-29 00:00:00"
10873,41696,137,"2019-03-21 00:00:00"
10874,60468,8952,"2019-10-10 00:00:00"
10875,72221,1763,"2019-07-12 00:00:00"
10876,30866,3324,"2019-09-04 00:00:00"
10877,73848,4886,"2020-10-14 00:00:00"
10878,65647,8303,"2019-04-03 00:00:00"
10879,55713,7088,"2020-11-01 00:00:00"
10880,52700,2119,"2019-08-11 00:00:00"
10881,68040,3196,"2019-02-28 00:00:00"
10882,59318,8341,"2020-07-04 00:00:00"
10883,73966,7923,"2020-01-11 00:00:00"
10884,28020,413,"2019-07-13 00:00:00"
10885,35253,5513,"2019-12-21 00:00:00"
10886,10830,1366,"2019-09-29 00:00:00"
10887,49120,1625,"2020-11-19 00:00:00"
10888,47021,3122,"2019-12-18 00:00:00"
10889,28363,5396,"2019-08-06 00:00:00"
10890,33108,2650,"2019-05-11 00:00:00"
10891,75668,3054,"2019-07-13 00:00:00"
10892,59761,2554,"2019-11-22 00:00:00"
10893,50913,6092,"2020-01-04 00:00:00"
10894,59559,4925,"2020-03-14 00:00:00"
10895,27686,5787,"2019-01-27 00:00:00"
10896,56107,7421,"2019-04-12 00:00:00"
10897,47968,6884,"2019-08-11 00:00:00"
10898,42422,2258,"2020-10-13 00:00:00"
10899,6738,3969,"2020-01-16 00:00:00"
10900,28941,8041,"2020-02-17 00:00:00"
10901,18288,2551,"2020-11-17 00:00:00"
10902,71510,63,"2019-04-06 00:00:00"
10903,45039,3532,"2019-12-04 00:00:00"
10904,24052,7434,"2019-01-10 00:00:00"
10905,75518,6153,"2019-10-24 00:00:00"
10906,72696,326,"2020-05-15 00:00:00"
10907,67153,6171,"2020-10-26 00:00:00"
10908,12828,6542,"2020-10-17 00:00:00"
10909,74547,3856,"2019-09-12 00:00:00"
10910,6786,5658,"2019-03-24 00:00:00"
10911,71122,3352,"2019-11-29 00:00:00"
10912,55079,7675,"2020-08-09 00:00:00"
10913,12995,645,"2020-11-16 00:00:00"
10914,53583,4428,"2020-10-06 00:00:00"
10915,23517,57,"2019-11-03 00:00:00"
10916,29214,6863,"2020-07-07 00:00:00"
10917,73755,1750,"2020-07-20 00:00:00"
10918,31942,3364,"2019-10-16 00:00:00"
10919,41801,3282,"2019-04-29 00:00:00"
10920,57532,697,"2020-07-27 00:00:00"
10921,63443,3178,"2019-12-29 00:00:00"
10922,69580,4149,"2020-02-20 00:00:00"
10923,22253,1804,"2020-10-26 00:00:00"
10924,8087,1693,"2019-04-28 00:00:00"
10925,14070,7507,"2019-08-11 00:00:00"
10926,35743,2229,"2020-11-14 00:00:00"
10927,59384,5222,"2019-09-07 00:00:00"
10928,66711,5433,"2019-02-13 00:00:00"
10929,31167,2632,"2019-06-29 00:00:00"
10930,72267,6149,"2019-02-22 00:00:00"
10931,21049,3717,"2019-03-15 00:00:00"
10932,70787,8877,"2020-11-15 00:00:00"
10933,57578,7684,"2020-10-31 00:00:00"
10934,8380,7528,"2019-09-08 00:00:00"
10935,17071,4371,"2019-03-20 00:00:00"
10936,53738,8441,"2019-10-20 00:00:00"
10937,75441,7914,"2019-12-07 00:00:00"
10938,51250,3044,"2020-03-18 00:00:00"
10939,47543,3434,"2020-10-15 00:00:00"
10940,9102,5512,"2020-02-07 00:00:00"
10941,58064,6010,"2020-07-03 00:00:00"
10942,67225,2705,"2020-09-14 00:00:00"
10943,47418,8965,"2019-08-06 00:00:00"
10944,52300,1421,"2020-07-24 00:00:00"
10945,36896,5698,"2020-09-04 00:00:00"
10946,21595,8000,"2019-04-13 00:00:00"
10947,73289,5658,"2020-05-21 00:00:00"
10948,60533,6866,"2020-12-06 00:00:00"
10949,36438,440,"2020-04-18 00:00:00"
10950,24820,7058,"2019-12-09 00:00:00"
10951,50176,4002,"2019-04-26 00:00:00"
10952,9771,8076,"2020-01-28 00:00:00"
10953,16744,3565,"2020-01-07 00:00:00"
10954,1510,8742,"2020-10-22 00:00:00"
10955,9413,7038,"2020-09-14 00:00:00"
10956,13728,8810,"2019-01-19 00:00:00"
10957,43411,5984,"2019-12-11 00:00:00"
10958,65081,3128,"2020-11-18 00:00:00"
10959,24704,7745,"2019-11-18 00:00:00"
10960,37819,8541,"2020-05-31 00:00:00"
10961,20634,4041,"2020-09-06 00:00:00"
10962,41878,1904,"2020-11-19 00:00:00"
10963,13661,8661,"2019-04-02 00:00:00"
10964,13052,4228,"2019-09-08 00:00:00"
10965,26416,6110,"2020-05-21 00:00:00"
10966,27184,888,"2019-10-01 00:00:00"
10967,42558,5744,"2020-07-04 00:00:00"
10968,54104,7993,"2019-05-23 00:00:00"
10969,2587,4001,"2019-12-29 00:00:00"
10970,49157,2546,"2019-09-03 00:00:00"
10971,55699,3711,"2020-09-01 00:00:00"
10972,65579,5063,"2019-05-16 00:00:00"
10973,17114,5733,"2019-03-08 00:00:00"
10974,48473,6160,"2019-03-04 00:00:00"
10975,39684,2433,"2019-04-09 00:00:00"
10976,22438,1823,"2019-11-13 00:00:00"
10977,16794,7770,"2019-12-30 00:00:00"
10978,13526,8414,"2019-10-28 00:00:00"
10979,31998,6636,"2019-09-25 00:00:00"
10980,66929,5558,"2019-01-17 00:00:00"
10981,1350,1491,"2020-05-18 00:00:00"
10982,30776,6606,"2020-01-24 00:00:00"
10983,21,2190,"2020-09-19 00:00:00"
10984,74761,214,"2019-06-07 00:00:00"
10985,55062,8056,"2019-02-28 00:00:00"
10986,35258,6631,"2019-01-27 00:00:00"
10987,12018,3065,"2020-03-29 00:00:00"
10988,54316,7093,"2019-05-22 00:00:00"
10989,22113,4028,"2019-11-25 00:00:00"
10990,51402,8516,"2020-03-27 00:00:00"
10991,3260,2834,"2020-08-03 00:00:00"
10992,14496,5064,"2019-12-10 00:00:00"
10993,43127,5371,"2019-09-09 00:00:00"
10994,75267,7557,"2019-03-31 00:00:00"
10995,66372,700,"2020-09-18 00:00:00"
10996,62944,6263,"2019-03-17 00:00:00"
10997,36187,685,"2019-11-04 00:00:00"
10998,64051,6607,"2019-01-03 00:00:00"
10999,60482,4139,"2019-01-27 00:00:00"
11000,27012,4829,"2020-07-06 00:00:00"
